TF name,#Gain,#Loss,Percent_gain,Percent_loss,FC,log2FC,abs(log2FC),DBD_family,p_value_fisher,q_value_fisher,TF_binding
ZNF449,22,0,0.03499673894023511,0.0,23.0,4.523561956057013,4.523561956057013,C2H2 ZF,0.000183961613343349,0.07413653017736964,Neutral
ZNF555,2,26,0.0031815217218395557,0.041359782383914225,0.07692307692307693,-3.700439718141092,3.700439718141092,C2H2 ZF,0.0007799897148574507,0.31433585508755263,Neutral
MAFF,143,11,0.22747880311152824,0.017498369470117556,13.0,3.700439718141092,3.700439718141092,bZIP,1.1918527247218555e-17,4.803166480629077e-15,GOF
TBPL2,1364,16511,2.169797814294577,26.265052574646454,0.08261159227181879,-3.5975119512338134,3.5975119512338134,TBP,0.0,0.0,LOF
ZNF623,0,11,0.0,0.017498369470117556,0.08333333333333333,-3.584962500721156,3.584962500721156,C2H2 ZF,0.01238390092879257,1.0,Neutral
SETBP1,546,6052,0.8685554300621987,9.627284730286496,0.09021810971579643,-3.4704391312968847,3.4704391312968847,AT hook,0.0,0.0,LOF
TBP,1236,13402,1.9661804240968455,21.319377058046864,0.09222504103865095,-3.438697663878539,3.438697663878539,TBP,0.0,0.0,LOF
HOXD13,1833,19779,2.915864658065953,31.463659068132287,0.09267404823297437,-3.431690796203117,3.431690796203117,Homeodomain,0.0,0.0,LOF
ARID5A,487,5094,0.7747005392679318,8.103335825525349,0.09560266980761681,-3.3868052821918524,3.3868052821918524,ARID/BRIGHT,0.0,0.0,LOF
HLX,710,7067,1.1294402112530424,11.24190700412007,0.10046695910570257,-3.315206979272654,3.315206979272654,Homeodomain,0.0,0.0,LOF
DMRT2,74,734,0.11771630370806356,1.167618471915117,0.1008174386920981,-3.310182887214263,3.310182887214263,DM,4.326583455203157e-77,1.7436131324468722e-74,LOF
ATF4,89,9,0.14157771662186022,0.014316847748278001,9.88888888888889,3.3058084295240855,3.3058084295240855,bZIP,2.8405008851602925e-10,1.1447218567195979e-07,GOF
ARID5B,68,670,0.1081717385425449,1.065809776816251,0.10149253731343283,-3.3005544440947956,3.3005544440947956,ARID/BRIGHT,2.8231517004475396e-70,1.1377301352803585e-67,LOF
HOXC6,350,3384,0.5567663013219223,5.383134753352529,0.10342789598108747,-3.2733027412876208,3.2733027412876208,Homeodomain,0.0,0.0,LOF
HOXB13,760,7293,1.2089782542990313,11.60141895868794,0.10420951597422186,-3.2624410704189373,3.2624410704189373,Homeodomain,0.0,0.0,LOF
ZNF34,6,56,0.009544565165518668,0.08908260821150757,0.10714285714285714,-3.222392421336448,3.222392421336448,C2H2 ZF,1.2239599657101677e-06,0.0004932558661811976,LOF
PBX1,1,9,0.0015907608609197778,0.014316847748278001,0.1111111111111111,-3.1699250014423126,3.1699250014423126,Homeodomain,0.14086687306501544,1.0,Neutral
ZBTB26,8,0,0.012726086887358223,0.0,9.0,3.169925001442312,3.169925001442312,C2H2 ZF,0.07692307692307693,1.0,Neutral
DNMT3A,2067,17605,3.288102699521181,28.005344956492692,0.11740982675376313,-3.090374933325046,3.090374933325046,GATA,0.0,0.0,LOF
ZNF865,68,8,0.1081717385425449,0.012726086887358223,8.5,3.0874628412503395,3.0874628412503395,C2H2 ZF,1.405618217018949e-07,5.6646414145863646e-05,GOF
FOXB1,92,771,0.14634999920461958,1.2264766237691487,0.11932555123216602,-3.0670250938580215,3.0670250938580215,Forkhead,8.586408497745402e-75,3.460322624591397e-72,LOF
DBP,142,1175,0.22588804225060846,1.8691440115807392,0.12085106382978723,-3.04869792194768,3.04869792194768,bZIP,2.1681823658935744e-112,8.737774934551104e-110,LOF
ARID3C,1022,8333,1.6257575998600131,13.25581025404451,0.12264490579623184,-3.027440783822212,3.027440783822212,ARID/BRIGHT,0.0,0.0,LOF
AHCTF1,1647,13292,2.619983137934874,21.14439336334569,0.12390911826662654,-3.0126457379656766,3.0126457379656766,AT hook,0.0,0.0,LOF
NFE2L2,8,1,0.012726086887358223,0.0015907608609197778,8.0,3.0,3.0,bZIP,0.13122171945701358,1.0,Neutral
ZNF687,23,3,0.036587499801154895,0.004772282582759334,7.666666666666667,2.9385994553358565,2.9385994553358565,C2H2 ZF,0.005864312281082537,1.0,Neutral
DBX1,254,1910,0.40405325867362357,3.038353244356776,0.13298429319371727,-2.9106722361509454,2.9106722361509454,Homeodomain,3.4026679801333935e-172,1.3712751959937575e-169,LOF
NFIC,419,56,0.666528800725387,0.08908260821150757,7.482142857142857,2.903451511641747,2.903451511641747,SMAD,6.162464588142751e-39,2.4834732290215287e-36,GOF
OTP,1010,7493,1.6066684695289757,11.919571130871896,0.13479247297477645,-2.8911881584948502,2.8911881584948502,Homeodomain,0.0,0.0,LOF
ZNF652,5,37,0.00795380430459889,0.05885815185403178,0.13513513513513514,-2.8875252707415875,2.8875252707415875,C2H2 ZF,0.0002979436591970062,0.12007129465639349,Neutral
HOXC5,575,4253,0.9146874950288723,6.765505941491815,0.1351986832823889,-2.886846993794026,2.886846993794026,Homeodomain,0.0,0.0,LOF
DBX2,992,7225,1.5780347740324197,11.493247220145395,0.13730103806228375,-2.864585561888528,2.864585561888528,Homeodomain,0.0,0.0,LOF
MSX2,1403,10009,2.2318374878704486,15.921925456946058,0.14017384354081328,-2.834710927525197,2.834710927525197,Homeodomain,0.0,0.0,LOF
TFAP4,107,15,0.17021141211841623,0.02386141291379667,7.133333333333334,2.8345763907926287,2.8345763907926287,bHLH,1.8463865227206926e-10,7.440937686564392e-08,GOF
SOX1,1403,9932,2.2318374878704486,15.799436870655235,0.14126057188884414,-2.8235692525569416,2.8235692525569416,HMG/Sox,0.0,0.0,LOF
FOXC1,699,4887,1.1119418417829248,7.774048327314954,0.14303253529772866,-2.8055847438712376,2.8055847438712376,Forkhead,0.0,0.0,LOF
HMGB3,865,5937,1.3760081446956078,9.444347231280721,0.14569647970355398,-2.778962075244581,2.778962075244581,HMG/Sox,0.0,0.0,LOF
NKX1-2,925,6328,1.4714537963507945,10.066334727900355,0.14617572692793931,-2.7742243290691175,2.7742243290691175,Homeodomain,0.0,0.0,LOF
POU6F2,630,4308,1.00217934237946,6.852997788842403,0.14623955431754876,-2.7735945161569284,2.7735945161569284,Homeodomain; POU,0.0,0.0,LOF
PAX4,1077,7315,1.7132494472106008,11.636415697628175,0.1472317156527683,-2.7638396144816415,2.7638396144816415,Homeodomain; Paired box,0.0,0.0,LOF
SEBOX,51,346,0.08112880390690867,0.5504032578782432,0.14739884393063585,-2.762202885665229,2.762202885665229,Homeodomain,1.1986044713719977e-30,4.8303760196291505e-28,LOF
FOXB2,215,1455,0.34201358509775226,2.314557052638277,0.14776632302405499,-2.758610588206186,2.758610588206186,Forkhead,1.344175503579254e-123,5.417027279424393e-121,LOF
DMRT1,1459,9864,2.320920096081956,15.69126513211269,0.14791159772911597,-2.7571929164849482,2.7571929164849482,DM,0.0,0.0,LOF
FOXA3,708,4606,1.1262586895312028,7.327044525396497,0.15371254884932697,-2.701693145709848,2.701693145709848,Forkhead,0.0,0.0,LOF
GATA2,2,13,0.0031815217218395557,0.020679891191957112,0.15384615384615385,-2.700439718141092,2.700439718141092,GATA,0.050174912543728134,1.0,Neutral
HMGA2,33,212,0.052495108410352674,0.3372413025149929,0.15566037735849056,-2.683526335204746,2.683526335204746,AT hook,1.0700260418099468e-18,4.3122049484940857e-16,LOF
NFIB,417,65,0.6633472790035474,0.10339945595978557,6.415384615384616,2.6815357604162093,2.6815357604162093,SMAD,3.0240116066362045e-35,1.2186766774743904e-32,GOF
MYRF,86,551,0.1368054340391009,0.8765092343667976,0.1560798548094374,-2.6796437538690596,2.6796437538690596,Ndt80/PhoG,2.8240788480625228e-46,1.1381037757691968e-43,LOF
ISX,1205,7697,1.9168668374083324,12.24408634649953,0.1565545017539301,-2.6752631008490306,2.6752631008490306,Homeodomain,0.0,0.0,LOF
SHOX,743,4681,1.181935319663395,7.446351589965481,0.1587267677846614,-2.6553826491733576,2.6553826491733576,Homeodomain,0.0,0.0,LOF
LHX9,1609,10100,2.559534225219923,16.06668469528976,0.1593069306930693,-2.650119061803073,2.650119061803073,Homeodomain,0.0,0.0,LOF
DLX3,1175,7302,1.8691440115807392,11.615735806436218,0.16091481785812106,-2.6356309119825223,2.6356309119825223,Homeodomain,0.0,0.0,LOF
HMG20B,1579,9755,2.5118113993923292,15.517872198272434,0.1618657098923629,-2.6271307016361516,2.6271307016361516,HMG/Sox,0.0,0.0,LOF
PROP1,1822,11243,2.8983662885958354,17.88492435932106,0.1620563906430668,-2.6254321808822154,2.6254321808822154,Homeodomain,0.0,0.0,LOF
HEYL,1229,200,1.955045098070407,0.3181521721839556,6.145,2.619413010597937,2.619413010597937,bHLH,1.6058010036069216e-98,6.471378044535894e-96,GOF
FOXC2,450,2752,0.7158423874139,4.377773889251229,0.16351744186046513,-2.612483563485061,2.612483563485061,Forkhead,1.5114104632393432e-217,6.090984166854553e-215,LOF
ZNF549,2,12,0.0031815217218395557,0.019089130331037336,0.16666666666666666,-2.584962500721156,2.584962500721156,C2H2 ZF,0.10318840579710144,1.0,Neutral
SP2,2,12,0.0031815217218395557,0.019089130331037336,0.16666666666666666,-2.584962500721156,2.584962500721156,C2H2 ZF,0.10318840579710144,1.0,Neutral
NKX1-1,938,5622,1.4921336875427518,8.943257560090991,0.16684453930985416,-2.5834236258649663,2.5834236258649663,Homeodomain,0.0,0.0,LOF
VSX2,1920,11429,3.0542608529659736,18.18080587945214,0.16799370023624113,-2.5735209619329904,2.5735209619329904,Homeodomain,0.0,0.0,LOF
VSX1,1831,10885,2.9126831363441132,17.31543197111178,0.16821313734497015,-2.571637711278232,2.571637711278232,Homeodomain,0.0,0.0,LOF
MSX3,1376,8135,2.1888869446256143,12.940839603582393,0.16914566687154273,-2.5636618758577923,2.5636618758577923,Homeodomain,0.0,0.0,LOF
HOXC4,1628,9606,2.5897586815773983,15.280848829995387,0.16947740995211327,-2.560835108971166,2.560835108971166,Homeodomain,0.0,0.0,LOF
NOBOX,1361,7963,2.1650255317118177,12.667228735504192,0.17091548411402738,-2.5486449907779716,2.5486449907779716,Homeodomain,0.0,0.0,LOF
RETN,1509,8823,2.4004581391279447,14.035283075895201,0.17103026181570893,-2.547676479081537,2.547676479081537,Unknown,0.0,0.0,LOF
FOXO3,1059,6174,1.6846157517140448,9.82135755531871,0.1715257531584062,-2.5435028936227884,2.5435028936227884,Forkhead,0.0,0.0,LOF
LOC100168299,1058,6119,1.683024990853125,9.733865707968121,0.17290406929236804,-2.5319562717207313,2.5319562717207313,Unknown,0.0,0.0,LOF
MAFK,164,29,0.2608847811908436,0.04613206496667356,5.655172413793103,2.4995710094905115,2.4995710094905115,bZIP,1.2346653831702137e-13,4.975701494175961e-11,GOF
ARX,1671,9382,2.658161398596949,14.924518397149356,0.1781070134299723,-2.489183767434793,2.489183767434793,Homeodomain,0.0,0.0,LOF
SNAI2,1327,7356,2.110939662440545,11.701636892925887,0.18039695486677543,-2.4707531090417443,2.4707531090417443,C2H2 ZF,0.0,0.0,LOF
ESX1,1752,9705,2.787013028331451,15.438334155226444,0.1805255023183926,-2.4697254379998523,2.4697254379998523,Homeodomain,0.0,0.0,LOF
BCL6,313,1723,0.49790814946789047,2.7408809633647775,0.1816598955310505,-2.46068813929233,2.46068813929233,C2H2 ZF,4.9656665561652495e-127,2.0011636221345956e-124,LOF
GABPA,55,10,0.08749184735058779,0.01590760860919778,5.5,2.4594316186372973,2.4594316186372973,Ets,3.0399436253590495e-05,0.01225097281019697,GOF
VAX2,2048,11197,3.257878243163705,17.811749359718753,0.18290613557202823,-2.450824623896574,2.450824623896574,Homeodomain,0.0,0.0,LOF
SOX3,1379,7506,2.1936592272083737,11.940251022063853,0.18371969091393553,-2.4444218333729957,2.4444218333729957,HMG/Sox,0.0,0.0,LOF
LIN54,1421,7634,2.2604711833670046,12.143868412261584,0.186140948388787,-2.4255326319727777,2.4255326319727777,TCR/CxC,0.0,0.0,LOF
DNMT1,2386,446,3.79555541415459,0.7094793439702209,5.349775784753363,2.4194784277749233,2.4194784277749233,CxxC,1.4643051785687737e-171,5.901149869632158e-169,GOF
HHEX,1118,5961,1.7784706425083117,9.482525491942797,0.1875524240899178,-2.4146341851276363,2.4146341851276363,Homeodomain,0.0,0.0,LOF
DMRTA2,502,2666,0.7985619521817285,4.240968455212128,0.18829707426856715,-2.4089175111382013,2.4089175111382013,DM,1.9892314191940983e-190,8.016602619352216e-188,LOF
ZNF148,68,13,0.1081717385425449,0.020679891191957112,5.230769230769231,2.3870231231092474,2.3870231231092474,C2H2 ZF,4.803957905437793e-06,0.0019359950358914307,GOF
HOXA2,282,1473,0.44859456277937737,2.343190748134833,0.19144602851323828,-2.3849903626370557,2.3849903626370557,Homeodomain,9.210077233072962e-105,3.711661124928404e-102,LOF
SOX2,1545,8041,2.4577255301210568,12.791308082655934,0.1921402810595697,-2.3797680917979975,2.3797680917979975,HMG/Sox,0.0,0.0,LOF
ELF3,1139,5834,1.811876620587627,9.280498862605985,0.195234830305108,-2.356717639190066,2.356717639190066,Ets; AT hook,0.0,0.0,LOF
HESX1,577,2912,0.9178690167507119,4.632295626998394,0.19814560439560439,-2.335367131553214,2.335367131553214,Homeodomain,7.590772128522001e-200,3.059081167794366e-197,LOF
ARID4B,35,7,0.05567663013219223,0.011135326026438446,5.0,2.321928094887362,2.321928094887362,ARID/BRIGHT,0.0023074688728388576,0.9299099557540597,Neutral
ZNF512,1,5,0.0015907608609197778,0.00795380430459889,0.2,-2.321928094887362,2.321928094887362,C2H2 ZF; BED ZF,0.5454545454545454,1.0,Neutral
ZMYM3,5,1,0.00795380430459889,0.0015907608609197778,5.0,2.321928094887362,2.321928094887362,MYM-type ZF,0.5454545454545454,1.0,Neutral
PHF1,949,195,1.5096320570128692,0.3101983678793567,4.866666666666666,2.2829339632714984,2.2829339632714984,CxxC,3.0104689629816317e-64,1.2132189920815976e-61,GOF
ZFHX2,1337,6504,2.1268472710497432,10.346308639422235,0.20556580565805657,-2.282327791981675,2.282327791981675,Homeodomain,0.0,0.0,LOF
LHX2,317,1531,0.5042711929115696,2.43545487806818,0.20705421293272372,-2.2719195373603807,2.2719195373603807,Homeodomain,4.6129173907232395e-102,1.8590057084614656e-99,LOF
PAX6,1090,5262,1.733929338402558,8.37058365015987,0.2071455720258457,-2.2712831135016005,2.2712831135016005,Homeodomain; Paired box,0.0,0.0,LOF
TEF,621,2996,0.9878624946311821,4.765919539315655,0.20727636849132175,-2.27037245023827,2.27037245023827,bZIP,4.12493850633839e-198,1.662350218054371e-195,LOF
IRX4,1664,8024,2.6470260725705104,12.764265148020298,0.2073778664007976,-2.2696661724710885,2.2696661724710885,Homeodomain,0.0,0.0,LOF
ZFHX3,560,2672,0.8908260821150756,4.250513020377647,0.20958083832335328,-2.254421275529086,2.254421275529086,C2H2 ZF; Homeodomain,4.155102847969061e-175,1.6745064477315315e-172,LOF
FOXK1,415,1961,0.6601657572817078,3.1194820482636847,0.21162672106068334,-2.2404062939578617,2.2404062939578617,Forkhead,6.620662282048412e-128,2.6681268996655103e-125,LOF
WT1,896,4221,1.425321731384121,6.714601593942382,0.21227197346600332,-2.2360141919000847,2.2360141919000847,C2H2 ZF,9.089358961862166e-273,3.6630116616304532e-270,LOF
ZNF426,12,56,0.019089130331037336,0.08908260821150757,0.21428571428571427,-2.222392421336448,2.222392421336448,C2H2 ZF,0.0001153617336765953,0.046490778671667905,LOF
FOXS1,1121,5082,1.783242925091071,8.084246695194311,0.22058244785517514,-2.180610097247928,2.180610097247928,Forkhead,3.4904e-317,1.4066311503e-314,LOF
ZSCAN4,77,17,0.1224885862908229,0.027042934635636225,4.529411764705882,2.179323699444562,2.179323699444562,C2H2 ZF,6.125345527290178e-06,0.002468514247497942,GOF
HOXB7,272,1224,0.4326869541701796,1.9470912937658083,0.2222222222222222,-2.1699250014423126,2.1699250014423126,Homeodomain,4.0447725192172e-77,1.6300433252445317e-74,LOF
CEBPD,9,2,0.014316847748278001,0.0031815217218395557,4.5,2.169925001442312,2.169925001442312,bZIP,0.1826625386996904,1.0,Neutral
EMX1,818,3662,1.3012423842323784,5.8253662726882265,0.2233752048061169,-2.162459042855588,2.162459042855588,Homeodomain,2.102980043132827e-226,8.475009573825293e-224,LOF
POU4F1,475,2108,0.7556114089368945,3.353323894818892,0.22533206831119545,-2.1498754484189044,2.1498754484189044,Homeodomain; POU,3.5381062963063836e-130,1.4258568374114726e-127,LOF
CUX1,1195,5278,1.9009592287991346,8.396035823934588,0.2264115195149678,-2.1429807324581573,2.1429807324581573,CUT; Homeodomain,1.067e-321,4.30074e-319,LOF
TLX2,425,1872,0.6760733658909056,2.9779043316418243,0.22702991452991453,-2.1390456885583404,2.1390456885583404,Homeodomain,5.047468276891701e-115,2.0341297155873557e-112,LOF
MTF2,626,143,0.9958162989357809,0.22747880311152824,4.3776223776223775,2.130147510154229,2.130147510154229,C2H2 ZF,2.4263355103277708e-39,9.778132106620917e-37,GOF
NFE2,320,74,0.5090434754943289,0.11771630370806356,4.324324324324325,2.1124747292584125,2.1124747292584125,bZIP,1.8159150728896012e-20,7.318137743745093e-18,GOF
GABPB1,99,23,0.15748532523105802,0.036587499801154895,4.304347826086956,2.1057946640225964,2.1057946640225964,Ets,4.475060810149562e-07,0.00018034495064902736,GOF
FOXP1,184,781,0.29269999840923916,1.2423842323783465,0.235595390524968,-2.0856167820849665,2.0856167820849665,Forkhead,2.365292595318322e-47,9.532129159132837e-45,LOF
KMT2A,4895,1157,7.786774414202313,1.8405103160841831,4.230769230769231,2.0809199953835673,2.0809199953835673,CxxC; AT hook,1.2031262861347472e-286,4.848598933123031e-284,GOF
TBX10,83,350,0.13203315145634156,0.5567663013219223,0.23714285714285716,-2.076171680485404,2.076171680485404,T-box,6.448625699736429e-22,2.5987961569937807e-19,LOF
POU3F4,1309,5355,2.082305966943989,8.51852441022541,0.24444444444444444,-2.0324214776923775,2.0324214776923775,Homeodomain; POU,2.1558846757969675e-303,8.68821524346178e-301,LOF
POU5F1B,321,1313,0.5106342363552487,2.0886690103876684,0.24447829398324447,-2.032221713770584,2.032221713770584,Homeodomain; POU,1.198483428387779e-75,4.829888216402749e-73,LOF
MYC-MAX,2993,740,4.761147256732896,1.1771630370806356,4.044594594594595,2.015995102981789,2.015995102981789,bHLH,1.326540087505104e-168,5.345956552645569e-166,GOF
ZBTB2,16,4,0.025452173774716445,0.006363043443679111,4.0,2.0,2.0,C2H2 ZF,0.09584556748071765,1.0,Neutral
ZNF12,3,0,0.004772282582759334,0.0,4.0,2.0,2.0,C2H2 ZF,0.4000000000000001,1.0,Neutral
ZNF654,24,6,0.03817826066207467,0.009544565165518668,4.0,2.0,2.0,C2H2 ZF,0.029178250088207194,1.0,Neutral
ONECUT2,20,5,0.03181521721839556,0.00795380430459889,4.0,2.0,2.0,CUT; Homeodomain,0.03775844731179569,1.0,Neutral
ZNF596,24,96,0.03817826066207467,0.15271304264829869,0.25,-2.0,2.0,C2H2 ZF,1.676887497393814e-06,0.0006757856614497071,LOF
ZNF76,8,2,0.012726086887358223,0.0031815217218395557,4.0,2.0,2.0,C2H2 ZF,0.34984520123839014,1.0,Neutral
ZNF777,3,0,0.004772282582759334,0.0,4.0,2.0,2.0,C2H2 ZF,0.4000000000000001,1.0,Neutral
SRF,3,0,0.004772282582759334,0.0,4.0,2.0,2.0,MADS box,0.4000000000000001,1.0,Neutral
ZBTB21,3,0,0.004772282582759334,0.0,4.0,2.0,2.0,C2H2 ZF,0.4000000000000001,1.0,Neutral
PAX3,1246,4980,1.9820880327060433,7.921989087380494,0.25020080321285143,-1.9988416739314412,1.9988416739314412,Homeodomain; Paired box,7.927577190980304e-276,3.1948136079650626e-273,LOF
HES4,590,149,0.938548907942669,0.23702336827704693,3.959731543624161,1.985402623787042,1.985402623787042,bHLH,7.2072357021237754e-34,2.9045159879558813e-31,GOF
FOXP4,1213,4684,1.9295929242956906,7.45112387254824,0.2589666951323655,-1.9491615253807049,1.9491615253807049,Forkhead,1.0559784172636813e-250,4.2555930215726355e-248,LOF
ELF1,50,13,0.0795380430459889,0.020679891191957112,3.8461538461538463,1.9434164716336326,1.9434164716336326,Ets,0.000727939939277329,0.2933597955287636,Neutral
ZFY,100,26,0.1590760860919778,0.041359782383914225,3.8461538461538463,1.9434164716336326,1.9434164716336326,C2H2 ZF,1.6353044683732547e-06,0.0006590277007544217,GOF
FOXG1,1880,7218,2.9906304185291823,11.482111894118956,0.2604599612080909,-1.940866481332233,1.940866481332233,Forkhead,0.0,0.0,LOF
FOXA2,65,245,0.10339945595978557,0.3897364109253456,0.2653061224489796,-1.914270125974116,1.914270125974116,Forkhead,4.348186260250232e-14,1.7523190628808434e-11,LOF
LBX1,799,2990,1.2710179278749025,4.756374974150136,0.2672240802675585,-1.9038780761574907,1.9038780761574907,Homeodomain,1.6425141763387952e-155,6.619332130645344e-153,LOF
E2F2,260,956,0.4135978238391423,1.5207673830393078,0.2719665271966527,-1.878498994952294,1.878498994952294,E2F,7.839198281606209e-50,3.1591969074873025e-47,LOF
VENTX,291,1069,0.4629114105276554,1.7005233603232426,0.2722170252572498,-1.8771707948122067,1.8771707948122067,Homeodomain,1.724937808977203e-55,6.951499370178128e-53,LOF
TIGD2,625,2289,0.9942255380748612,3.6412516106453716,0.27304499781564,-1.8727893680062373,1.8727893680062373,CENPB,1.288442858170816e-116,5.1924247184283884e-114,LOF
ZNF574,29,8,0.04613206496667356,0.012726086887358223,3.625,1.857980995127572,1.857980995127572,C2H2 ZF,0.014992092486797937,1.0,Neutral
ZNF513,18,5,0.028633695496556002,0.00795380430459889,3.6,1.84799690655495,1.84799690655495,C2H2 ZF,0.0653871773810295,1.0,Neutral
PLAGL2,474,134,0.7540206480759747,0.21316195536325025,3.537313432835821,1.8226540584404867,1.8226540584404867,C2H2 ZF,2.1108513684756424e-24,8.50673101495684e-22,GOF
DMRT3,882,3119,1.403051079331244,4.961583125208787,0.282782943251042,-1.8222329918166316,1.8222329918166316,DM,2.3776206739976554e-152,9.581811316210551e-150,LOF
POU4F3,3160,11088,5.026804320506498,17.6383564258785,0.284992784992785,-1.8110026990727484,1.8110026990727484,Homeodomain; POU,0.0,0.0,LOF
ARID4A,14,4,0.022270652052876892,0.006363043443679111,3.5,1.8073549220576042,1.8073549220576042,ARID/BRIGHT,0.16418242491657395,1.0,Neutral
POU3F2,1976,6856,3.1433434611774813,10.906256462465997,0.2882147024504084,-1.794784162527822,1.794784162527822,Homeodomain; POU,0.0,0.0,LOF
SREBF1,105,362,0.16702989039657667,0.5758554316529596,0.2900552486187845,-1.7856003694170828,1.7856003694170828,bHLH,1.4810568116890604e-18,5.968658951106913e-16,LOF
SOHLH2,686,199,1.0912619505909678,0.31656141132303584,3.4472361809045227,1.7854401456291635,1.7854401456291635,bHLH,7.647185960197805e-34,3.0818159419597154e-31,GOF
ZBTB11,24,7,0.03817826066207467,0.011135326026438446,3.4285714285714284,1.777607578663552,1.777607578663552,C2H2 ZF,0.034365178496258995,1.0,Neutral
TFDP2,24,7,0.03817826066207467,0.011135326026438446,3.4285714285714284,1.777607578663552,1.777607578663552,E2F,0.034365178496258995,1.0,Neutral
TCFEC,75,257,0.11930706456898335,0.40882554125638293,0.2918287937743191,-1.7768058586979971,1.7768058586979971,Unknown,2.316854941283327e-13,9.336925413371808e-11,LOF
HDX,479,1639,0.7619744523805736,2.607257051047516,0.29225137278828556,-1.7747182933632786,1.7747182933632786,Homeodomain,8.358525685584489e-78,3.368485851290549e-75,LOF
SIX6,2379,8136,3.784420088128152,12.942430364443313,0.2924041297935103,-1.7739644074323655,1.7739644074323655,Homeodomain,0.0,0.0,LOF
FOXA1,63,215,0.100217934237946,0.34201358509775226,0.2930232558139535,-1.7709129260895438,1.7709129260895438,Forkhead,2.5216116181644305e-11,1.0162094821202655e-08,LOF
OVOL2,1530,5118,2.43386411720726,8.141514086187424,0.2989449003516999,-1.742048494459432,1.742048494459432,C2H2 ZF,6.081829201431533e-233,2.4509771681769075e-230,LOF
MNT,33,10,0.052495108410352674,0.01590760860919778,3.3,1.722466024471091,1.722466024471091,bHLH,0.01352551246104453,1.0,Neutral
VEZF1,560,171,0.8908260821150756,0.27202010721728204,3.2748538011695905,1.7114305020590685,1.7114305020590685,C2H2 ZF,2.5487129224093923e-26,1.0271313077309852e-23,GOF
FOXJ2,1691,5530,2.6899766158153446,8.796907560886371,0.3057866184448463,-1.7094028207120862,1.7094028207120862,Forkhead,8.637928099642532e-245,3.4810850241559406e-242,LOF
CEBPG,85,26,0.13521467317818112,0.041359782383914225,3.269230769230769,1.7089512179966095,1.7089512179966095,bZIP,4.826121588769956e-05,0.01944927000274292,GOF
LCORL,1306,4233,2.0775336843612298,6.73369072427342,0.30852823056933615,-1.6965255917719897,1.6965255917719897,Pipsqueak,9.1471703690962e-186,3.6863096587457685e-183,LOF
ZNF263,89,28,0.14157771662186022,0.044541304105753785,3.1785714285714284,1.6683785089087935,1.6683785089087935,C2H2 ZF,4.355528307678162e-05,0.01755277907994299,GOF
CUX2,1051,3332,1.6718896648266866,5.3004151885847,0.3154261704681873,-1.6646257314033692,1.6646257314033692,CUT; Homeodomain,1.3409704561083274e-142,5.40411093811656e-140,LOF
LCOR,2885,9076,4.589345083753559,14.437745573707904,0.31787130894667254,-1.6534852901394925,1.6534852901394925,Pipsqueak,0.0,0.0,LOF
ZNF639,44,14,0.06999347788047022,0.022270652052876892,3.142857142857143,1.6520766965796931,1.6520766965796931,C2H2 ZF,0.006784531938965323,1.0,Neutral
BHLHE40,47,15,0.07476576046322957,0.02386141291379667,3.1333333333333333,1.647698256069119,1.647698256069119,bHLH,0.005026743400146153,1.0,Neutral
MAX,2476,795,3.93872389163737,1.2646548844312235,3.1144654088050316,1.638984549042547,1.638984549042547,bHLH,4.887058386847057e-104,1.969484529899364e-101,GOF
ZSCAN29,530,1646,0.8431032562874823,2.6183923770739543,0.3219927095990279,-1.6349000709710642,1.6349000709710642,C2H2 ZF,2.196524585215094e-69,8.851994078416829e-67,LOF
MLX,2268,734,3.607845632566056,1.167618471915117,3.0899182561307903,1.6275686720990161,1.6275686720990161,bHLH,2.3353381704779947e-94,9.411412827026319e-92,GOF
ZBTB1,429,140,0.6824364093345847,0.2227065205287689,3.0642857142857145,1.6155508205545792,1.6155508205545792,C2H2 ZF,6.091300897463183e-19,2.454794261677663e-16,GOF
TET1,3725,1226,5.925584206926173,1.9502728154876476,3.038336052202284,1.6032814465461047,1.6032814465461047,CxxC,1.411753569504679e-150,5.6893668851038566e-148,GOF
KDM2B,3470,1151,5.519940187391629,1.8309657509186643,3.0147697654213728,1.5920478293333928,1.5920478293333928,CxxC,6.1971307439429894e-139,2.497443689809025e-136,GOF
ZNF680,0,2,0.0,0.0031815217218395557,0.3333333333333333,-1.5849625007211563,1.5849625007211563,C2H2 ZF,1.0,1.0,Neutral
NR2C2,27,9,0.042950543244834,0.014316847748278001,3.0,1.584962500721156,1.584962500721156,Nuclear receptor,0.05053910470245175,1.0,Neutral
TRIM22,2,0,0.0031815217218395557,0.0,3.0,1.584962500721156,1.584962500721156,Unknown,1.0,1.0,Neutral
CBFB,3,1,0.004772282582759334,0.0015907608609197778,3.0,1.584962500721156,1.584962500721156,CBF/NF-Y,1.0,1.0,Neutral
AFF1,2,0,0.0031815217218395557,0.0,3.0,1.584962500721156,1.584962500721156,Unknown,1.0,1.0,Neutral
DUXA,403,1196,0.6410766269506705,1.9025499896600544,0.33695652173913043,-1.5693656456701377,1.5693656456701377,Homeodomain,5.205876751783739e-48,2.0979683309688467e-45,LOF
PRDM1,68,23,0.1081717385425449,0.036587499801154895,2.9565217391304346,1.5639008851933265,1.5639008851933265,C2H2 ZF,0.0007206500748007138,0.2904219801446877,Neutral
FBXL19,5504,1875,8.755547778502457,2.9826766142245837,2.9354666666666667,1.5535898744314924,1.5535898744314924,CxxC,2.4972168624118477e-211,1.0063783955519745e-208,GOF
ZBTB8A,38,13,0.060448912714951564,0.020679891191957112,2.923076923076923,1.5474877953024933,1.5474877953024933,C2H2 ZF,0.013991063381707733,1.0,Neutral
POU2F1,2283,6667,3.6317070454798532,10.60560265975216,0.3424328783560822,-1.5461068675523273,1.5461068675523273,Homeodomain; POU,1.3562936641309933e-253,5.465863466447903e-251,LOF
TERF2,205,597,0.3261059764885545,0.9496842339691074,0.34338358458961477,-1.5421070217593589,1.5421070217593589,Myb/SANT,4.989489398279328e-24,2.010764227506569e-21,LOF
CTCF,519,183,0.8256048868173648,0.29110923754831936,2.8360655737704916,1.5038908900738384,1.5038908900738384,C2H2 ZF,2.4916265907334905e-20,1.0041255160655966e-17,GOF
PLAGL1,3314,1174,5.271781493088144,1.8675532507198194,2.8228279386712094,1.4971411941113997,1.4971411941113997,C2H2 ZF,5.970643759926049e-121,2.4061694352501974e-118,GOF
GFI1,1309,3642,2.082305966943989,5.793551055469831,0.35941790225151016,-1.4762658250315974,1.4762658250315974,C2H2 ZF,4.7654375097342e-130,1.9204713164228827e-127,LOF
LHX6,1433,3964,2.279560313698042,6.305776052685999,0.3615035317860747,-1.4679183529243425,1.4679183529243425,Homeodomain,3.662310399679396e-140,1.4759110910707966e-137,LOF
OVOL1,47,17,0.07476576046322957,0.027042934635636225,2.764705882352941,1.4671260104272978,1.4671260104272978,C2H2 ZF,0.010552655075253287,1.0,Neutral
PBX4,423,1156,0.6728918441690661,1.8389195552232633,0.36591695501730104,-1.450411829380729,1.450411829380729,Homeodomain,2.342839045551914e-41,9.441641353574213e-39,LOF
IRF2,700,1896,1.1135326026438446,3.0160825923038987,0.3691983122362869,-1.4375321370659304,1.4375321370659304,IRF,9.162777260330408e-66,3.6925992359131543e-63,LOF
ATF3,1211,3238,1.926411402573851,5.150883667658241,0.3739962940086473,-1.4189041206082371,1.4189041206082371,bZIP,4.997477949973596e-109,2.0139836138393594e-106,LOF
CRX,2316,6094,3.684202153890206,9.694096686445127,0.38004594683295045,-1.395754246697249,1.395754246697249,Homeodomain,2.6836105787284336e-198,1.0814950632275588e-195,LOF
FOXN3,1501,3949,2.3877320522405867,6.281914639772203,0.38009622689288425,-1.3955633908396603,1.3955633908396603,Forkhead,4.094624243564125e-129,1.6501335701563425e-126,LOF
GFI1B,1376,3571,2.1888869446256143,5.680607034344527,0.38532623914869785,-1.3758476638839676,1.3758476638839676,C2H2 ZF,1.7624676169528464e-114,7.102744496319971e-112,LOF
FOXN2,1119,2897,1.7800614033692315,4.608434214084597,0.38626164998274076,-1.3723496482940094,1.3723496482940094,Forkhead,9.354296108521064e-93,3.769781331733989e-90,LOF
POU6F1,247,637,0.39291793264718516,1.0133146684058985,0.3877551020408163,-1.3667823306716227,1.3667823306716227,Homeodomain; POU,1.9162197893275086e-21,7.72236575098986e-19,LOF
RUNX3,185,72,0.2942907592701589,0.11453478198622401,2.5694444444444446,1.361456459074,1.361456459074,Runt,3.645694012553646e-07,0.00014692146870591192,GOF
HNF4G,23,9,0.036587499801154895,0.014316847748278001,2.5555555555555554,1.3536369546147005,1.3536369546147005,Nuclear receptor,0.12348956729133842,1.0,Neutral
ST18,2574,6577,4.094618456007509,10.46243418226938,0.3913638436977345,-1.3534176167137248,1.3534176167137248,C2H2 ZF,6.1649887838778696e-204,2.4844904799027813e-201,LOF
ZZZ3,318,804,0.5058619537724894,1.2789717321795016,0.39552238805970147,-1.3381687358945733,1.3381687358945733,Myb/SANT,7.182988944236286e-26,2.894744544527223e-23,LOF
FOXN1,623,248,0.9910440163530216,0.3945086935081049,2.5120967741935485,1.3288920426371267,1.3288920426371267,Forkhead,2.9876238044375924e-20,1.2040123931883497e-17,GOF
SP4,20,8,0.03181521721839556,0.012726086887358223,2.5,1.3219280948873624,1.3219280948873624,C2H2 ZF,0.1707133616202521,1.0,Neutral
ZNF398,45,18,0.07158423874139001,0.028633695496556002,2.5,1.3219280948873624,1.3219280948873624,C2H2 ZF,0.017511646735616254,1.0,Neutral
MYC,10,4,0.01590760860919778,0.006363043443679111,2.5,1.3219280948873624,1.3219280948873624,bHLH,0.4400711924739384,1.0,Neutral
NFIL3,10,4,0.01590760860919778,0.006363043443679111,2.5,1.3219280948873624,1.3219280948873624,bZIP,0.4400711924739384,1.0,Neutral
ANHX,4948,12286,7.871084739831061,19.544087937260393,0.4027348201204623,-1.3120978829875514,1.3120978829875514,Homeodomain,0.0,0.0,LOF
ZBTB3,1763,713,2.8045113978015683,1.1342124938358016,2.472650771388499,1.3060584928762935,1.3060584928762935,C2H2 ZF,6.430051873399936e-53,2.591310904980174e-50,GOF
RXRG,379,932,0.6028983662885958,1.482589122377233,0.40665236051502146,-1.2981321064831886,1.2981321064831886,Nuclear receptor,1.5948302186604113e-28,6.427165781201458e-26,LOF
NKX2-5,2790,6847,4.43822280196618,10.89193961471772,0.4074777274718855,-1.295206890375586,1.295206890375586,Homeodomain,4.707782732810154e-198,1.897236441322492e-195,LOF
ESRRB,284,695,0.4517760845012169,1.1055787983392458,0.40863309352517985,-1.2911220481061878,1.2911220481061878,Nuclear receptor,1.7466407301367825e-21,7.038962142451234e-19,LOF
E2F6,29,12,0.04613206496667356,0.019089130331037336,2.4166666666666665,1.2730184944064158,1.2730184944064158,E2F,0.0708877552214206,1.0,Neutral
NFATC4,609,1471,0.9687733643001447,2.3400092264129935,0.4140040788579198,-1.2722831133484978,1.2722831133484978,Rel,1.1590687168671628e-42,4.671046928974666e-40,LOF
E4F1,31,74,0.049313586688513114,0.11771630370806356,0.4189189189189189,-1.2552570552420745,1.2552570552420745,C2H2 ZF,0.0029893860984069394,1.0,Neutral
ELF4,2137,5087,3.3994559597855654,8.09220049949891,0.42009042657755064,-1.2512281862028176,1.2512281862028176,Ets,1.0383840003678589e-139,4.1846875214824714e-137,LOF
CREBZF,179,425,0.28474619410464025,0.6760733658909056,0.4211764705882353,-1.2475032537608075,1.2475032537608075,bZIP,6.001882224741936e-13,2.418758536571e-10,LOF
ARID3B,257,607,0.40882554125638293,0.9655918425783052,0.4233937397034596,-1.2399281570618041,1.2399281570618041,ARID/BRIGHT,9.139015092368347e-18,3.683023082224444e-15,LOF
ZNF629,33,14,0.052495108410352674,0.022270652052876892,2.357142857142857,1.2370391973008494,1.2370391973008494,C2H2 ZF,0.05789591135923107,1.0,Neutral
ZNF146,3,7,0.004772282582759334,0.011135326026438446,0.42857142857142855,-1.222392421336448,1.222392421336448,C2H2 ZF,0.6499166468206716,1.0,Neutral
E2F8,7,3,0.011135326026438446,0.004772282582759334,2.3333333333333335,1.222392421336448,1.222392421336448,E2F,0.6499166468206717,1.0,Neutral
SP1,14,6,0.022270652052876892,0.009544565165518668,2.3333333333333335,1.222392421336448,1.222392421336448,C2H2 ZF,0.3332130795979517,1.0,Neutral
NFIX,14,6,0.022270652052876892,0.009544565165518668,2.3333333333333335,1.222392421336448,1.222392421336448,SMAD,0.3332130795979517,1.0,Neutral
ZNF655,2524,5879,4.015080412961519,9.352083101347375,0.42932471508759995,-1.21985886757571,1.21985886757571,C2H2 ZF,7.12029234686826e-155,2.869477815787909e-152,LOF
ZNF770,58,25,0.09226412993334712,0.03976902152299445,2.32,1.2141248053528473,1.2141248053528473,C2H2 ZF,0.01111146079958681,1.0,Neutral
SOX4,1509,3497,2.4004581391279447,5.562890730636464,0.4315127251930226,-1.212524990171033,1.212524990171033,HMG/Sox,6.536846768789582e-92,2.6343492478222017e-89,LOF
RARB,506,1150,0.8049249956254076,1.8293749900577445,0.44,-1.1844245711374275,1.1844245711374275,Nuclear receptor,3.4835849957261796e-30,1.4038847532776505e-27,LOF
ZBTB40,61,27,0.09703641251610645,0.042950543244834,2.259259259259259,1.1758498353994176,1.1758498353994176,C2H2 ZF,0.013692147292887228,1.0,Neutral
HOXA3,27,12,0.042950543244834,0.019089130331037336,2.25,1.1699250014423124,1.1699250014423124,Homeodomain,0.10645477823024266,1.0,Neutral
PGR,569,1280,0.9051429298633537,2.0361739019773157,0.44453125,-1.1696432525807805,1.1696432525807805,Nuclear receptor,7.229812029875805e-33,2.9136142480399493e-30,LOF
BCL11A,3435,1583,5.464263557259438,2.5181744428360084,2.1699305116866707,1.1176488435682812,1.1176488435682812,C2H2 ZF,2.766407358290974e-79,1.1148621653912626e-76,GOF
PITX2,2473,5320,3.9339516090546107,8.462847780093218,0.4648496240601504,-1.105164005998614,1.105164005998614,Homeodomain,1.0455735169428703e-119,4.2136612732797674e-117,LOF
TFDP1,15,7,0.02386141291379667,0.011135326026438446,2.142857142857143,1.0995356735509143,1.0995356735509143,E2F,0.35797675466192264,1.0,Neutral
ZFP959,935,438,1.4873614049599924,0.6967532570828627,2.134703196347032,1.0940354951738256,1.0940354951738256,C2H2 ZF,4.710615267323715e-22,1.8983779527314572e-19,GOF
BCL11B,2509,1201,3.991219000047723,1.9105037939646532,2.0890924229808494,1.0628763197035385,1.0628763197035385,C2H2 ZF,7.607725136713991e-54,3.0659132300957384e-51,GOF
NFYC,24,50,0.03817826066207467,0.0795380430459889,0.48,-1.0588936890535685,1.0588936890535685,CBF/NF-Y,0.04466708796979697,1.0,Neutral
NR2E3,204,423,0.3245152156276347,0.6728918441690661,0.48226950354609927,-1.0520885111484541,1.0520885111484541,Nuclear receptor,3.6253535717541543e-10,1.4610174894169243e-07,LOF
CENPBD1,275,570,0.4374592367529389,0.9067336907242735,0.4824561403508772,-1.051530300640082,1.051530300640082,CENPB,3.2529612339058443e-13,1.3109433772640553e-10,LOF
ONECUT1,62,30,0.09862717337702623,0.04772282582759334,2.066666666666667,1.0473057147783569,1.0473057147783569,CUT; Homeodomain,0.024417557168622157,1.0,Neutral
AR,1023,2091,1.627348360720933,3.3262809601832557,0.48923959827833574,-1.0313869168442507,1.0313869168442507,Nuclear receptor,5.104560320749199e-43,2.0571378092619272e-40,LOF
E2F4,726,358,1.1548923850277588,0.5694923882092805,2.0279329608938546,1.020009960731494,1.020009960731494,E2F,1.2642289101509653e-15,5.09484250790839e-13,GOF
EGR2,2199,1089,3.4980831331625915,1.7323385775416382,2.0192837465564737,1.013843650138061,1.013843650138061,C2H2 ZF,6.305186884962928e-44,2.54099031464006e-41,GOF
GATA4,549,1102,0.8733277126449581,1.7530184687335952,0.4981851179673321,-1.005246169565959,1.005246169565959,GATA,1.5239414646381783e-22,6.141484102491859e-20,LOF
AHDC1,10,20,0.01590760860919778,0.03181521721839556,0.5,-1.0,1.0,AT hook,0.29491247843871987,1.0,Neutral
NFYB,8,16,0.012726086887358223,0.025452173774716445,0.5,-1.0,1.0,CBF/NF-Y,0.38012904359539057,1.0,Neutral
E2F1,6,3,0.009544565165518668,0.004772282582759334,2.0,1.0,1.0,E2F,0.637186343068696,1.0,Neutral
ATF1,4,2,0.006363043443679111,0.0031815217218395557,2.0,1.0,1.0,bZIP,1.0,1.0,Neutral
MGA,2,1,0.0031815217218395557,0.0015907608609197778,2.0,1.0,1.0,T-box,1.0,1.0,Neutral
DRAP1,1,2,0.0015907608609197778,0.0031815217218395557,0.5,-1.0,1.0,Unknown,1.0,1.0,Neutral
NR2C1,1,0,0.0015907608609197778,0.0,2.0,1.0,1.0,Nuclear receptor,1.0,1.0,Neutral
ZNF610,1,0,0.0015907608609197778,0.0,2.0,1.0,1.0,C2H2 ZF,1.0,1.0,Neutral
ZNF317,0,1,0.0,0.0015907608609197778,0.5,-1.0,1.0,C2H2 ZF,1.0,1.0,Neutral
ZNF316,0,1,0.0,0.0015907608609197778,0.5,-1.0,1.0,C2H2 ZF,1.0,1.0,Neutral
ZNF8,0,1,0.0,0.0015907608609197778,0.5,-1.0,1.0,C2H2 ZF,1.0,1.0,Neutral
ZNF707,0,1,0.0,0.0015907608609197778,0.5,-1.0,1.0,C2H2 ZF,1.0,1.0,Neutral
ZNF585B,0,1,0.0,0.0015907608609197778,0.5,-1.0,1.0,C2H2 ZF,1.0,1.0,Neutral
ZNF691,3971,1987,6.3169113787124385,3.1608418306475987,1.9984901862103674,0.9989104882747981,0.9989104882747981,C2H2 ZF,4.106289081467478e-76,1.6548344998313937e-73,GOF
KLF12,277,548,0.44064075847477846,0.8717369517840383,0.5054744525547445,-0.9842899169113384,0.9842899169113384,C2H2 ZF,1.430948523177561e-11,5.766722548405571e-09,LOF
PPARG,417,824,0.6633472790035474,1.310786949397897,0.5060679611650486,-0.9825969537385546,0.9825969537385546,Nuclear receptor,1.2151934073650553e-16,4.897229431681173e-14,LOF
CREB1,79,40,0.12567010801266246,0.06363043443679112,1.975,0.9818526532897407,0.9818526532897407,bZIP,0.012410291737248783,1.0,Neutral
ZFP91,159,81,0.2529309768862447,0.128851629734502,1.962962962962963,0.9730329523997306,0.9730329523997306,C2H2 ZF,0.00042604362146062474,0.17169557944863176,Neutral
PHOX2B,870,1699,1.3839619490002069,2.7027027027027026,0.5120659211300765,-0.9655985464481298,0.9655985464481298,Homeodomain,8.608627820545347e-32,3.469277011679775e-29,LOF
IRF1,39,20,0.06203967357587134,0.03181521721839556,1.95,0.963474123974886,0.963474123974886,IRF,0.09316174764757339,1.0,Neutral
ZNF518A,16,31,0.025452173774716445,0.049313586688513114,0.5161290322580645,-0.9541963103868752,0.9541963103868752,C2H2 ZF,0.14380106177287416,1.0,Neutral
USF2,29,15,0.04613206496667356,0.02386141291379667,1.9333333333333333,0.9510903995190536,0.9510903995190536,bHLH,0.19479605160638536,1.0,Neutral
FOXN4,578,1104,0.9194597776116317,1.7561999904554348,0.5235507246376812,-0.9335987742774903,0.9335987742774903,Forkhead,4.8265498154203095e-20,1.9450995756143848e-17,LOF
SCRT2,57,30,0.09067336907242735,0.04772282582759334,1.9,0.925999418556223,0.925999418556223,C2H2 ZF,0.045877154785986765,1.0,Neutral
NRF1,1132,600,1.8007412945611887,0.9544565165518668,1.8866666666666667,0.9158395523360015,0.9158395523360015,bZIP,6.655586452386712e-20,2.6822013403118448e-17,GOF
USF1,1399,745,2.2254744444267693,1.1851168413852347,1.8778523489932886,0.9090836318152294,0.9090836318152294,bHLH,5.727787207343346e-24,2.3082982445593685e-21,GOF
XBP1,431,802,0.6856179310564243,1.275790210457662,0.5374064837905237,-0.8959143673658222,0.8959143673658222,bZIP,4.2921214302212617e-14,1.7297249363791684e-11,LOF
MXI1,22,12,0.03499673894023511,0.019089130331037336,1.8333333333333333,0.874469117916141,0.874469117916141,bHLH,0.3267827920374638,1.0,Neutral
NFATC3,1615,2936,2.5690787903854413,4.670473887660468,0.5500681198910081,-0.8623178032619256,0.8623178032619256,Rel,1.335747565439747e-44,5.3830626887221807e-42,LOF
PAXIP1,37,67,0.05885815185403178,0.10658097768162512,0.5522388059701493,-0.8566358248288225,0.8566358248288225,Homeodomain; Paired box,0.04948545650514633,1.0,Neutral
POU5F1,702,1269,1.1167141243656842,2.0186755325071983,0.5531914893617021,-0.8541491335365452,0.8541491335365452,Homeodomain; POU,7.07516642997871e-20,2.85129207128142e-17,LOF
NR3C2,1807,3254,2.874504875682039,5.176335841432957,0.5553165334972342,-0.8486177448079282,0.8486177448079282,Nuclear receptor,5.929868860422754e-48,2.3897371507503698e-45,LOF
NR4A3,561,1006,0.8924168429759954,1.6003054260852967,0.5576540755467196,-0.8425576291967344,0.8425576291967344,Nuclear receptor,1.0020862253863164e-15,4.038407488306855e-13,LOF
GCM1,3300,1846,5.249510841035267,2.93654454925791,1.7876489707475622,0.8380634714874039,0.8380634714874039,GCM,1.5269891317662257e-47,6.15376620101789e-45,GOF
GATA1,2091,3694,3.3262809601832557,5.876270620237659,0.5660530590146183,-0.8209908043928588,0.8209908043928588,GATA,2.7587487718397614e-51,1.1117757550514238e-48,LOF
CREM,37,21,0.05885815185403178,0.033405978079315335,1.7619047619047619,0.8171359428501894,0.8171359428501894,bZIP,0.1891538638255823,1.0,Neutral
RXRB,928,1628,1.476226078933554,2.5897586815773983,0.5700245700245701,-0.8109039891386748,0.8109039891386748,Nuclear receptor,5.501926908557337e-23,2.2172765441486068e-20,LOF
TWIST2,1418,813,2.255698900784245,1.2932885799277793,1.7441574415744157,0.8025302751644883,0.8025302751644883,bHLH,6.167824955621155e-20,2.4856334571153255e-17,GOF
TFAP2D,238,137,0.37860108489890715,0.21793423794600958,1.7372262773722629,0.7967856803474169,0.7967856803474169,AP-2,0.0002243075880240564,0.09039595797369473,Neutral
HMG20A,7,12,0.011135326026438446,0.019089130331037336,0.5833333333333334,-0.777607578663552,0.777607578663552,HMG/Sox,0.5148132995402909,1.0,Neutral
MSANTD3,238,407,0.37860108489890715,0.6474396703943496,0.5847665847665847,-0.7740672209583036,0.7740672209583036,MADF,2.305023539825436e-06,0.0009289244865496507,LOF
ARID1B,54,92,0.085901086489668,0.14634999920461958,0.5869565217391305,-0.7686744538935442,0.7686744538935442,ARID/BRIGHT,0.03341282615933244,1.0,Neutral
NR2F1,489,833,0.7778820609897714,1.325103797146175,0.5870348139255702,-0.7684820304133139,0.7684820304133139,Nuclear receptor,1.840324994774644e-11,7.416509728941815e-09,LOF
CXXC4,3085,5124,4.907497255937515,8.151058651352942,0.6020686963309914,-0.7319999863048665,0.7319999863048665,CxxC,5.568727785463489e-58,2.244197297541786e-55,LOF
GMEB1,1791,1085,2.8490527019073224,1.725975534097959,1.6506912442396313,0.7230702946541195,0.7230702946541195,SAND,7.555038672901028e-21,3.0446805851791143e-18,GOF
NKX2-4,1814,2968,2.885640201708477,4.721378235209901,0.6111859838274932,-0.7103166360922809,0.7103166360922809,Homeodomain,1.4723812461380448e-32,5.93369642193632e-30,LOF
SPIC,382,613,0.6076706488713551,0.9751364077438238,0.6231647634584013,-0.6823144356550328,0.6823144356550328,Ets,2.0294027538907572e-07,8.178493098179751e-05,LOF
MXD1-MAX,1362,849,2.1666162925727375,1.3505559709208914,1.6042402826855124,0.6818902444590327,0.6818902444590327,bHLH,8.442808930911687e-15,3.4024519991574098e-12,GOF
TCF3,1127,705,1.7927874902565897,1.1214864069484434,1.598581560283688,0.6767923528860652,0.6767923528860652,bHLH,2.6883422094075266e-12,1.0834019103912333e-09,GOF
KLF1,2328,1463,3.703291284221243,2.327283139525635,1.5912508544087491,0.670161288769797,0.670161288769797,C2H2 ZF,1.5387089588485224e-23,6.2009971041595456e-21,GOF
PKNOX1,17,27,0.027042934635636225,0.042950543244834,0.6296296296296297,-0.6674246609131291,0.6674246609131291,Homeodomain,0.390856165083991,1.0,Neutral
NKX2-6,2011,3189,3.1990200913096736,5.072936385473172,0.6306052053935403,-0.6651910159469091,0.6651910159469091,Homeodomain,3.281576042038096e-31,1.3224751449413526e-28,LOF
JUN,17,11,0.027042934635636225,0.017498369470117556,1.5454545454545454,0.6280312226130421,0.6280312226130421,bZIP,0.5913289587362536,1.0,Neutral
SPI1,1797,2775,2.858597267072841,4.414361389052384,0.6475675675675676,-0.6268973626148887,0.6268973626148887,Ets,9.062447746285774e-25,3.6521664417531666e-22,LOF
MYPOP,838,547,1.333057601450774,0.8701461909231185,1.5319926873857403,0.615409410906795,0.615409410906795,Myb/SANT,2.9274355625684235e-08,1.1797565317150746e-05,GOF
ZNF200,1325,2028,2.1077581407187056,3.22606302594531,0.653353057199211,-0.6140652926654168,0.6140652926654168,C2H2 ZF,6.240529771617765e-18,2.5149334979619595e-15,LOF
RARG,632,966,1.0053608641012997,1.5366749916485054,0.6542443064182195,-0.6120986306586701,0.6120986306586701,Nuclear receptor,3.4115340554488804e-09,1.3748482243458988e-06,LOF
TIGD1,576,880,0.9162782558897921,1.3998695576094047,0.6545454545454545,-0.6114347120823472,0.6114347120823472,CENPB,1.777624577927374e-08,7.163827049047318e-06,LOF
PAX7,44,67,0.06999347788047022,0.10658097768162512,0.6567164179104478,-0.6066575718204752,0.6066575718204752,Homeodomain; Paired box,0.13766907790890226,1.0,Neutral
NFYA,52,78,0.08271956476782845,0.12407934715174268,0.6666666666666666,-0.5849625007211563,0.5849625007211563,CBF/NF-Y,0.1345179652668616,1.0,Neutral
ZBTB14,3,2,0.004772282582759334,0.0031815217218395557,1.5,0.5849625007211562,0.5849625007211562,C2H2 ZF,1.0,1.0,Neutral
RFX2,598,893,0.9512749948300272,1.4205494488013617,0.6696528555431132,-0.5785146909231177,0.5785146909231177,RFX,6.14003200842374e-08,2.4744328993947674e-05,LOF
EP300,61,41,0.09703641251610645,0.0652211952977109,1.4878048780487805,0.5731853329448026,0.5731853329448026,Unknown,0.20527727370623478,1.0,Neutral
FOS,105,71,0.16702989039657667,0.11294402112530423,1.4788732394366197,0.5644983981614407,0.5644983981614407,bZIP,0.08645020974536859,1.0,Neutral
TBX5,2579,1753,4.102572260312107,2.7886037891923707,1.471192241871078,0.556985777029676,0.556985777029676,T-box,5.584765783856657e-19,2.2506606108942327e-16,GOF
ETV4,2196,1493,3.4933108505798325,2.3750059653532283,1.4708640321500335,0.5566638888706573,0.5566638888706573,Ets,2.097125382715181e-16,8.451415292342179e-14,GOF
ETV1,1688,1148,2.6852043332325852,1.8261934683359051,1.470383275261324,0.5561922620314973,0.5561922620314973,Ets,6.885720706655432e-13,2.774945444782139e-10,GOF
RFX8,958,1408,1.5239489047611472,2.239791292175047,0.6803977272727273,-0.555549772901117,0.555549772901117,RFX,5.859540727538754e-11,2.361394913198118e-08,LOF
EGR1,1155,788,1.8373287943623435,1.253519558404785,1.465736040609137,0.5516253168470436,0.5516253168470436,C2H2 ZF,3.5935262037796506e-09,1.4481910601231992e-06,GOF
POGK,333,229,0.5297233666862861,0.36428423715062913,1.4541484716157205,0.5401745789743182,0.5401745789743182,Brinker,0.0022321318669758943,0.8995491423912854,Neutral
SP3,13,9,0.020679891191957112,0.014316847748278001,1.4444444444444444,0.5305147166987798,0.5305147166987798,C2H2 ZF,0.7625543976065161,1.0,Neutral
MYBL2,330,474,0.5249510841035268,0.7540206480759747,0.6962025316455697,-0.5224210346524433,0.5224210346524433,Myb/SANT,0.00037416777325275546,0.15078961262086044,Neutral
FOXR1,1278,1827,2.032992380255476,2.9063200929004345,0.6995073891625616,-0.5155887976804941,0.5155887976804941,Forkhead,2.8311093030302195e-12,1.1409370491211784e-09,LOF
ZNF394,14,20,0.022270652052876892,0.03181521721839556,0.7,-0.5145731728297583,0.5145731728297583,C2H2 ZF,0.6266595090010982,1.0,Neutral
NR5A1,508,720,0.8081065173472471,1.1453478198622402,0.7055555555555556,-0.5031684095575087,0.5031684095575087,Nuclear receptor,2.0823025341372596e-05,0.008391679212573156,LOF
YY1,119,84,0.18930054244945357,0.13362391231726134,1.4166666666666667,0.5025003405291834,0.5025003405291834,C2H2 ZF,0.09026475842727234,1.0,Neutral
BACH1,14,10,0.022270652052876892,0.01590760860919778,1.4,0.48542682717024166,0.48542682717024166,bZIP,0.7724818212447501,1.0,Neutral
TBX20,944,676,1.5016782527082704,1.07535434198177,1.3964497041420119,0.481763613079657,0.481763613079657,T-box,2.7078460515368614e-06,0.0010912619587693552,GOF
REST,58,42,0.09226412993334712,0.06681195615863067,1.380952380952381,0.4656635723488118,0.4656635723488118,C2H2 ZF,0.32065572964341477,1.0,Neutral
KLF11,1343,1845,2.1363918362152616,2.93495378839699,0.7279132791327914,-0.45816151152031603,0.45816151152031603,C2H2 ZF,3.289242479816033e-10,1.3255647193658614e-07,LOF
SPDEF,1007,734,1.6018961869462163,1.167618471915117,1.3719346049046321,0.4562117151635719,0.4562117151635719,Ets,3.728824948135847e-06,0.0015027164540987465,GOF
TBX4,2156,1578,3.429680416143041,2.5102206385314094,1.3662864385297846,0.450259972739047,0.450259972739047,T-box,2.251479512117132e-11,9.073462433832042e-09,GOF
KLF9,23,17,0.036587499801154895,0.027042934635636225,1.3529411764705883,0.43609911480667357,0.43609911480667357,C2H2 ZF,0.6541165294391593,1.0,Neutral
KDM2A,385,520,0.6124429314541145,0.8271956476782846,0.7403846153846154,-0.43365317744619075,0.43365317744619075,CxxC,0.0015794434567210033,0.6365157130585644,Neutral
HNF4A,1012,1361,1.6098499912508153,2.1650255317118177,0.7435709037472447,-0.42745777680968455,0.42745777680968455,Nuclear receptor,4.034529251058414e-07,0.0001625915288176541,LOF
ELK1,1247,933,1.983678793566963,1.4841798832381528,1.3365487674169345,0.4185124789779112,0.4185124789779112,Ets,2.143613433727867e-06,0.0008638762137923304,GOF
ZNF134,4,3,0.006363043443679111,0.004772282582759334,1.3333333333333333,0.41503749927884376,0.41503749927884376,C2H2 ZF,1.0,1.0,Neutral
E2F3,724,543,1.1517108633059192,0.8637831474794394,1.3333333333333333,0.41503749927884376,0.41503749927884376,E2F,0.0003354668350338856,0.1351931345186559,Neutral
TFE3,36,27,0.057267390993112004,0.042950543244834,1.3333333333333333,0.41503749927884376,0.41503749927884376,bHLH,0.4753050985116488,1.0,Neutral
ETS1,1414,1063,2.249335857340566,1.690978795157724,1.330197554092192,0.41164052327829426,0.41164052327829426,Ets,6.126836071016488e-07,0.0002469114936619645,GOF
ELK3,2300,1742,3.658749980115489,2.7711054197222533,1.320321469575201,0.40088923723287306,0.40088923723287306,Ets,5.606484070571639e-10,2.2594130804403706e-07,GOF
ELK4,1585,1202,2.521355964557848,1.912094554825573,1.3186356073211314,0.3990459443155841,0.3990459443155841,Ets,2.8879017930676457e-07,0.00011638244226062612,GOF
TIGD6,419,552,0.666528800725387,0.8780999952277174,0.7590579710144928,-0.3977180230788174,0.3977180230788174,CENPB,0.00267017690217153,1.0,Neutral
NFATC2,1822,2368,2.8983662885958354,3.766921718658034,0.7694256756756757,-0.3781461218268991,0.3781461218268991,Rel,2.5637882586005266e-09,1.0332066682160122e-06,LOF
CEBPB,1219,1578,1.9391374894612092,2.5102206385314094,0.7724968314321926,-0.37239907939324657,0.37239907939324657,bZIP,1.6027869615031432e-06,0.0006459231454857667,LOF
NKX2-8,3105,4015,4.93931247315591,6.386904856592908,0.7733499377334994,-0.3708067192968331,0.3708067192968331,Homeodomain,2.3983839558614715e-14,9.66548734212173e-12,LOF
FLI1,2329,1809,3.704882045082163,2.8776863974038784,1.2874516307352128,0.36451823158962515,0.36451823158962515,Ets,1.148875971272991e-08,4.629970164230154e-06,GOF
NR1H4,1776,2270,2.825191288993526,3.611027154287896,0.7823788546255507,-0.35406071582817134,0.35406071582817134,Nuclear receptor,4.2232332257893796e-08,1.70196298999312e-05,LOF
TCF7L2,26,33,0.041359782383914225,0.052495108410352674,0.7878787878787878,-0.3439544012173613,0.3439544012173613,HMG/Sox,0.580426807426417,1.0,Neutral
ERG,2112,1685,3.359686938262571,2.680432050649826,1.253412462908012,0.32586124328923266,0.32586124328923266,Ets,9.709011410752838e-07,0.00039127315985333937,GOF
ZNF189,25,20,0.03976902152299445,0.03181521721839556,1.25,0.32192809488736235,0.32192809488736235,C2H2 ZF,0.67324552295224,1.0,Neutral
IRF4,4,5,0.006363043443679111,0.00795380430459889,0.8,-0.3219280948873623,0.3219280948873623,IRF,1.0,1.0,Neutral
TBR1,1307,1075,2.0791244452221496,1.7100679254887612,1.215813953488372,0.28192248131861053,0.28192248131861053,T-box,0.0008473693640287464,0.3414898537035848,Neutral
MITF,445,534,0.7078885831093011,0.8494662997311614,0.8333333333333334,-0.2630344058337938,0.2630344058337938,bHLH,0.046481229437303595,1.0,Neutral
CRAMP1L,70,84,0.11135326026438445,0.13362391231726134,0.8333333333333334,-0.2630344058337938,0.2630344058337938,Myb/SANT,0.49374334797778435,1.0,Neutral
CEBPA,1239,1485,1.9709527066796049,2.3622798784658703,0.8343434343434344,-0.2612867435475265,0.2612867435475265,bZIP,0.0009341504185715363,0.3764626186843291,Neutral
TEAD3,141,118,0.22429728138968869,0.1877097815885338,1.194915254237288,0.2569083030369522,0.2569083030369522,TEA,0.33330151866844215,1.0,Neutral
ETV5,1823,1549,2.8999570494567553,2.464088573564736,1.1768883150419625,0.2349774172495657,0.2349774172495657,Ets,0.0009154479764065189,0.36892553449182713,Neutral
ESR1,1458,1247,2.319329335221036,1.983678793566963,1.169206094627105,0.22552925449726696,0.22552925449726696,Nuclear receptor,0.004269033395743698,1.0,Neutral
TEAD1,54,63,0.085901086489668,0.100217934237946,0.8571428571428571,-0.22239242133644802,0.22239242133644802,TEA,0.6008765933205664,1.0,Neutral
HLF,60,69,0.09544565165518668,0.10976249940346468,0.8695652173913043,-0.20163386116965057,0.20163386116965057,bZIP,0.618362999756663,1.0,Neutral
ZBTB44,967,841,1.5382657525094252,1.3378298840335332,1.149821640903686,0.20141008922169698,0.20141008922169698,C2H2 ZF,0.039065340905189865,1.0,Neutral
FOSL2,36,41,0.057267390993112004,0.0652211952977109,0.8780487804878049,-0.18762700317577133,0.18762700317577133,bZIP,0.7472460493557272,1.0,Neutral
DNAJC21,258,228,0.4104163021173027,0.3626934762897094,1.131578947368421,0.1783372412585124,0.1783372412585124,Myb/SANT,0.36891211502219695,1.0,Neutral
FOXM1,2371,2662,3.7716940012407933,4.234605411768449,0.8906836964688204,-0.16701490842988395,0.16701490842988395,Forkhead,0.003829755326783817,1.0,Neutral
CREB3L2,159,178,0.2529309768862447,0.28315543324372044,0.8932584269662921,-0.16285047568204244,0.16285047568204244,bZIP,0.4879733060089698,1.0,Neutral
THAP11,112,125,0.17816521642301514,0.19884510761497223,0.896,-0.1584293626044829,0.1584293626044829,THAP finger,0.5814377692155102,1.0,Neutral
MAFG,2686,2960,4.272783672430523,4.7086521483225425,0.9074324324324324,-0.1401378710888698,0.1401378710888698,bZIP,0.010451380639166424,1.0,Neutral
TBX2,1714,1879,2.7265641156164993,2.9890396576682625,0.912187333688132,-0.1325979573075557,0.1325979573075557,T-box,0.05296501055354312,1.0,Neutral
TFAP2A,163,149,0.2592940203299238,0.23702336827704693,1.0939597315436242,0.1295596337689161,0.1295596337689161,AP-2,0.6309037581189217,1.0,Neutral
GCN4,814,747,1.2948793407886992,1.188298363107074,1.0896921017402945,0.12392055147700992,0.12392055147700992,Unknown,0.23740912324667154,1.0,Neutral
RUNX1,3962,4294,6.30259453096416,6.830727136789527,0.9226828132277597,-0.11609331096928674,0.11609331096928674,Runt,0.010207937790017592,1.0,Neutral
NR2E1,1818,1959,2.8920032451521562,3.116300526541845,0.9280245022970903,-0.1077651980734799,0.1077651980734799,Nuclear receptor,0.10715849625068491,1.0,Neutral
ZSCAN10,203,190,0.32292445476671494,0.3022445635747578,1.068421052631579,0.09548030885422837,0.09548030885422837,C2H2 ZF,0.6686233211038359,1.0,Neutral
RUNX2,2242,2111,3.566485850182142,3.3580961774016513,1.0620558976788252,0.08685969945827085,0.08685969945827085,Runt,0.16348863338411446,1.0,Neutral
FOSL1,81,86,0.128851629734502,0.1368054340391009,0.9418604651162791,-0.0864147518174732,0.0864147518174732,bZIP,0.8267803577140886,1.0,Neutral
ETV6,1316,1382,2.093441292970428,2.198431509791133,0.9522431259044862,-0.07059812665301708,0.07059812665301708,Ets,0.3835825371201598,1.0,Neutral
NR2F6,925,881,1.4714537963507945,1.4014603184703243,1.0499432463110103,0.070311346483261,0.070311346483261,Nuclear receptor,0.4846271449570505,1.0,Neutral
JUND,49,47,0.07794728218506912,0.07476576046322957,1.0425531914893618,0.06012099243757093,0.06012099243757093,bZIP,1.0,1.0,Neutral
ZHX1,305,317,0.48518206258053226,0.5042711929115696,0.9621451104100947,-0.05567359768915861,0.05567359768915861,Homeodomain,0.7767785639045702,1.0,Neutral
ATF2,530,511,0.8431032562874823,0.8128787999300066,1.0371819960861057,0.052669068512940266,0.052669068512940266,bZIP,0.6932208973258689,1.0,Neutral
RBPJ,3109,3012,4.945675516599589,4.7913717130903715,1.0322045152722443,0.04572884666913589,0.04572884666913589,CSL,0.38557163858947274,1.0,Neutral
MLXIP,224,231,0.3563304328460303,0.3674657588724687,0.9696969696969697,-0.044394119358453395,0.044394119358453395,bHLH,0.8423529059307264,1.0,Neutral
ETV3,997,1022,1.5859885783370187,1.6257575998600131,0.9755381604696673,-0.03572978653942537,0.03572978653942537,Ets,0.7056656997668935,1.0,Neutral
ELF2,881,901,1.4014603184703243,1.43327553568872,0.9778024417314095,-0.03238508689312501,0.03238508689312501,Ets,0.7630258792217223,1.0,Neutral
EHF,1937,1899,3.08130378760161,3.020854874886658,1.020010531858873,0.028584048453756145,0.028584048453756145,Ets,0.6810671332765326,1.0,Neutral
ETV3L,1004,1020,1.597123904363457,1.6225760781381735,0.984313725490196,-0.022809882908086027,0.022809882908086027,Ets,0.8258396019122852,1.0,Neutral
NAIF1,1292,1289,2.055263032308353,2.0504907497255935,1.0023273855702095,0.003353806332273998,0.003353806332273998,MADF,0.9777925859515869,1.0,Neutral
ELF5,1850,1848,2.942907592701589,2.9397260709797495,1.001082251082251,0.0015605139876168398,0.0015605139876168398,Ets,1.0,1.0,Neutral
ZNF431,0,0,0.0,0.0,1.0,0.0,0.0,C2H2 ZF,1.0,1.0,Neutral
PBX2,0,0,0.0,0.0,1.0,0.0,0.0,Homeodomain,1.0,1.0,Neutral
ZNF624,0,0,0.0,0.0,1.0,0.0,0.0,C2H2 ZF,1.0,1.0,Neutral
SMAD5,0,0,0.0,0.0,1.0,0.0,0.0,SMAD,1.0,1.0,Neutral
ZNF329,0,0,0.0,0.0,1.0,0.0,0.0,C2H2 ZF,1.0,1.0,Neutral
ZNF507,0,0,0.0,0.0,1.0,0.0,0.0,C2H2 ZF,1.0,1.0,Neutral
RFX3,0,0,0.0,0.0,1.0,0.0,0.0,RFX,1.0,1.0,Neutral
SIX5,0,0,0.0,0.0,1.0,0.0,0.0,Homeodomain,1.0,1.0,Neutral
UBTF,0,0,0.0,0.0,1.0,0.0,0.0,HMG/Sox,1.0,1.0,Neutral
GMEB2,0,0,0.0,0.0,1.0,0.0,0.0,SAND,1.0,1.0,Neutral
RFX5,0,0,0.0,0.0,1.0,0.0,0.0,RFX,1.0,1.0,Neutral
ZBTB12,0,0,0.0,0.0,1.0,0.0,0.0,C2H2 ZF,1.0,1.0,Neutral
ZNF558,0,0,0.0,0.0,1.0,0.0,0.0,C2H2 ZF,1.0,1.0,Neutral
DMBX1,0,0,0.0,0.0,1.0,0.0,0.0,Homeodomain,1.0,1.0,Neutral
HMGXB4,0,0,0.0,0.0,1.0,0.0,0.0,HMG/Sox,1.0,1.0,Neutral
ZNF324,0,0,0.0,0.0,1.0,0.0,0.0,C2H2 ZF,1.0,1.0,Neutral
ZNF10,0,0,0.0,0.0,1.0,0.0,0.0,C2H2 ZF,1.0,1.0,Neutral
BMI1,0,0,0.0,0.0,1.0,0.0,0.0,Unknown,1.0,1.0,Neutral
ZNF239,0,0,0.0,0.0,1.0,0.0,0.0,C2H2 ZF,1.0,1.0,Neutral
ZBTB33,0,0,0.0,0.0,1.0,0.0,0.0,C2H2 ZF,1.0,1.0,Neutral
ZNF143,0,0,0.0,0.0,1.0,0.0,0.0,C2H2 ZF,1.0,1.0,Neutral
ZNF24,0,0,0.0,0.0,1.0,0.0,0.0,C2H2 ZF,1.0,1.0,Neutral
MAZ,1,1,0.0015907608609197778,0.0015907608609197778,1.0,0.0,0.0,C2H2 ZF,1.0,1.0,Neutral
PBX3,1,1,0.0015907608609197778,0.0015907608609197778,1.0,0.0,0.0,Homeodomain,1.0,1.0,Neutral
NR2F2,2,2,0.0031815217218395557,0.0031815217218395557,1.0,0.0,0.0,Nuclear receptor,1.0,1.0,Neutral
ZFP3,2,2,0.0031815217218395557,0.0031815217218395557,1.0,0.0,0.0,C2H2 ZF,1.0,1.0,Neutral
TEAD4,6,6,0.009544565165518668,0.009544565165518668,1.0,0.0,0.0,TEA,1.0,1.0,Neutral
RFX1,5,5,0.00795380430459889,0.00795380430459889,1.0,0.0,0.0,RFX,1.0,1.0,Neutral
ZHX2,0,0,0.0,0.0,1.0,0.0,0.0,Homeodomain,1.0,1.0,Neutral
