TF name,#Gain,#Loss,Percent_gain,Percent_loss,FC,log2FC,abs(log2FC),percent,penalized_log2FC,odds_ratio,fisher_p_value,fisher_adj_pvalue,chi2_p_value,chi2_adj_pvalue
IRX4,93558,2528,17.58189304,0.475074559,37.00870253,5.209792653,5.209792653,18.0569676,94.07305715,37.00870253164557,0.0,0.0,0.0,0.0
ANHX,170301,52828,32.00382615,9.927705228,3.223688196,1.688712209,1.688712209,41.93153138,70.81028899,3.22368819565382,0.0,0.0,0.0,0.0
HOXD13,87130,7421,16.37391074,1.394591893,11.74100526,3.553484031,3.553484031,17.76850263,63.14009036,11.741005255356422,0.0,0.0,0.0,0.0
FOXG1,82715,9066,15.54422159,1.703728621,9.123648798,3.189610913,3.189610913,17.24795021,55.01425021,9.123648797705714,0.0,0.0,0.0,0.0
FOXP4,68699,6908,12.9102639,1.298186335,9.944846555,3.313949111,3.313949111,14.20845024,47.08608104,9.944846554719167,0.0,0.0,0.0,0.0
FOXJ2,68257,7006,12.82720103,1.316602991,9.742649158,3.284314114,3.284314114,14.14380402,46.45269516,9.742649157864687,0.0,0.0,0.0,0.0
FOXN3,62555,5826,11.75565232,1.094851417,10.7372125,3.424547597,3.424547597,12.85050373,44.00716167,10.73721249570889,0.0,0.0,0.0,0.0
SOX2,56411,4274,10.60104073,0.803191719,13.19864296,3.722317699,3.722317699,11.40423245,42.45017628,13.19864295741694,0.0,0.0,0.0,0.0
FOXO3,53587,3664,10.07034035,0.688557431,14.62527293,3.870391642,3.870391642,10.75889778,41.64114806,14.625272925764191,0.0,0.0,0.0,0.0
ZNF655,58100,5422,10.91844616,1.018929692,10.7156031,3.421641145,3.421641145,11.93737585,40.84541638,10.715603098487643,0.0,0.0,0.0,0.0
DMRT1,53805,6394,10.11130801,1.201592853,8.414920238,3.072949597,3.072949597,11.31290087,34.76397416,8.414920237722866,0.0,0.0,0.0,0.0
FOXC1,45907,3563,8.627075867,0.669576999,12.88436711,3.687549767,3.687549767,9.296652867,34.28187011,12.884367106371036,0.0,0.0,0.0,0.0
HOXB13,44558,3472,8.373564957,0.652475819,12.83352535,3.681845625,3.681845625,9.026040776,33.23248875,12.83352534562212,0.0,0.0,0.0,0.0
KLF11,38234,1817,7.185126859,0.341459839,21.04237755,4.395225817,4.395225817,7.526586698,33.08104817,21.042377545404513,0.0,0.0,0.0,0.0
FOXK1,36491,1595,6.857573474,0.299740475,22.87836991,4.515912358,4.515912358,7.157313949,32.32180251,22.878369905956113,0.0,0.0,0.0,0.0
TBP,35427,1464,6.657621207,0.275122292,24.19877049,4.596861843,4.596861843,6.932743499,31.86886406,24.19877049180328,0.0,0.0,0.0,0.0
PROP1,68772,18358,12.92398243,3.449928307,3.746159712,1.905412408,1.905412408,16.37391074,31.19905269,3.7461597123869703,0.0,0.0,0.0,0.0
NR3C2,49811,7317,9.360735313,1.375047686,6.807571409,2.767140211,2.767140211,10.735783,29.70741683,6.807571409047424,0.0,0.0,0.0,0.0
SOX3,36271,2124,6.81622996,0.399152834,17.076742,4.09396085,4.09396085,7.215382794,29.53949468,17.076741996233523,0.0,0.0,0.0,0.0
LHX9,55559,10984,10.44092858,2.064168892,5.058175528,2.338617102,2.338617102,12.50509747,29.2446348,5.0581755280407865,0.0,0.0,0.0,0.0
FOXN2,40501,3529,7.611152977,0.663187547,11.47662227,3.520626194,3.520626194,8.274340524,29.13085999,11.476622272598469,0.0,0.0,0.0,0.0
VSX1,57606,13964,10.82561118,2.62418558,4.125322257,2.044506823,2.044506823,13.44979676,27.49820124,4.1253222572328845,0.0,0.0,0.0,0.0
FOXM1,42337,5142,7.956183392,0.966310674,8.233566706,3.041517528,3.041517528,8.922494066,27.1379221,8.233566705562039,0.0,0.0,0.0,0.0
FOXS1,45015,7302,8.459446711,1.37222881,6.164749384,2.624042246,2.624042246,9.831675521,25.79873191,6.164749383730485,0.0,0.0,0.0,0.0
SOX4,37607,4149,7.067297844,0.779701086,9.064111834,3.180165661,3.180165661,7.846998931,24.95475654,9.06411183417691,0.0,0.0,0.0,0.0
TBPL2,33092,2659,6.218816185,0.499692743,12.44528018,3.637526805,3.637526805,6.718508927,24.43875631,12.445280180518992,0.0,0.0,0.0,0.0
VAX2,61948,21312,11.6415818,4.005058943,2.906719219,1.539391718,1.539391718,15.64664075,24.08630918,2.906719219219219,0.0,0.0,0.0,0.0
POU4F3,57437,17815,10.79385184,3.347884997,3.224080831,1.688887914,1.688887914,14.14173684,23.88380843,3.224080830760595,0.0,0.0,0.0,0.0
FOXA3,44707,9499,8.401565792,1.785100173,4.706495421,2.234653191,2.234653191,10.18666597,22.76366561,4.706495420570587,0.0,0.0,0.0,0.0
VSX2,61858,23576,11.62466855,4.430521285,2.623769936,1.391641223,1.391641223,16.05518983,22.34306402,2.623769935527655,0.0,0.0,0.0,0.0
DNMT3A,32464,3242,6.100799245,0.609253054,10.01357187,3.323884774,3.323884774,6.7100523,22.30344067,10.013571869216532,0.0,0.0,0.0,0.0
ESX1,58197,20935,10.93667489,3.934211194,2.779890136,1.475027867,1.475027867,14.87088609,21.93497139,2.779890136135658,0.0,0.0,0.0,0.0
PHOX2B,25261,1546,4.747175016,0.290532147,16.33958603,4.030299527,4.030299527,5.037707164,20.3034688,16.339586028460545,0.0,0.0,0.0,0.0
FOXC2,23517,1188,4.419433707,0.223254975,19.79545455,4.30709729,4.30709729,4.642688681,19.99651184,19.795454545454547,0.0,0.0,0.0,0.0
ARX,53444,20189,10.04346707,3.794019097,2.64718411,1.404458537,1.404458537,13.83748616,19.43417557,2.6471841101589977,0.0,0.0,0.0,0.0
SNAI2,35058,6437,6.588276859,1.209673631,5.446325928,2.445283321,2.445283321,7.797950489,19.06819827,5.446325928227435,0.0,0.0,0.0,0.0
AR,33140,5444,6.227836588,1.023064043,6.087435709,2.605834631,2.605834631,7.250900631,18.89464797,6.087435709037472,0.0,0.0,0.0,0.0
MSX2,48732,16842,9.15796417,3.165033911,2.893480584,1.532805963,1.532805963,12.32299808,18.88876495,2.8934805842536515,0.0,0.0,0.0,0.0
MSX3,46075,15512,8.658647278,2.915093577,2.970281073,1.570599457,1.570599457,11.57374086,18.17771111,2.9702810727178957,0.0,0.0,0.0,0.0
HOXC4,46906,17340,8.814813005,3.258620592,2.705074971,1.435668579,1.435668579,12.0734336,17.33344926,2.7050749711649367,0.0,0.0,0.0,0.0
NOBOX,50385,20539,9.468604299,3.859792869,2.453137933,1.294628355,1.294628355,13.32839717,17.2553209,2.4531379327133744,0.0,0.0,0.0,0.0
TEF,27927,3942,5.248183234,0.740800598,7.084474886,2.824660922,2.824660922,5.988983833,16.91684859,7.084474885844749,0.0,0.0,0.0,0.0
MAX,37568,10290,7.059968767,1.933748898,3.650923226,1.868261331,1.868261331,8.993717665,16.80261494,3.6509232264334304,0.0,0.0,0.0,0.0
DLX3,38626,11508,7.258793484,2.162641625,3.356447689,1.746935158,1.746935158,9.421435109,16.45863623,3.3564476885644767,0.0,0.0,0.0,0.0
POU6F2,19928,1140,3.744970656,0.214234572,17.48070175,4.127691197,4.127691197,3.959205227,16.34237656,17.480701754385965,0.0,0.0,0.0,0.0
FOXB2,15691,439,2.948732164,0.082499103,35.74259681,5.159572549,5.159572549,3.031231266,15.63985763,35.74259681093394,0.0,0.0,0.0,0.0
SOX1,22432,2156,4.215535013,0.405166436,10.40445269,3.379129171,3.379129171,4.620701449,15.61394706,10.404452690166975,0.0,0.0,0.0,0.0
FOXR1,34830,9752,6.545429944,1.832645214,3.571575062,1.836560442,1.836560442,8.378075159,15.38684142,3.571575061525841,0.0,0.0,0.0,0.0
DMRTA2,15461,446,2.905509399,0.083814578,34.66591928,5.115446114,5.115446114,2.989323977,15.29172572,34.66591928251121,0.0,0.0,0.0,0.0
NKX1-2,35540,11081,6.678856739,2.082397623,3.207291761,1.681355599,1.681355599,8.761254362,14.73078407,3.2072917606714197,0.0,0.0,0.0,0.0
HMGB3,16578,729,3.115421694,0.136997371,22.74074074,4.507207343,4.507207343,3.252419065,14.65932709,22.74074074074074,0.0,0.0,0.0,0.0
POU3F2,29796,7016,5.599415177,1.318482242,4.24686431,2.086398014,2.086398014,6.917897419,14.43348744,4.246864310148233,0.0,0.0,0.0,0.0
TWIST2,26439,4833,4.968550741,0.908241829,5.470515208,2.451676711,2.451676711,5.87679257,14.40799548,5.470515207945375,0.0,0.0,0.0,0.0
POU3F4,20082,1819,3.773911115,0.34183569,11.04013194,3.464685509,3.464685509,4.115746805,14.25976831,11.040131940626718,0.0,0.0,0.0,0.0
TBX2,28653,6478,5.38461683,1.217378558,4.423124421,2.145065825,2.145065825,6.601995388,14.16171469,4.423124421117629,0.0,0.0,0.0,0.0
DBX2,23359,3400,4.389741547,0.638945214,6.870294118,2.780371862,2.780371862,5.028686761,13.98161917,6.870294117647059,0.0,0.0,0.0,0.0
NKX1-1,32417,9506,6.091966767,1.786415649,3.410162003,1.769840277,1.769840277,7.878382416,13.94347852,3.410162002945508,0.0,0.0,0.0,0.0
ISX,41755,17631,7.846811006,3.313306786,2.368271794,1.243834661,1.243834661,11.16011779,13.88134133,2.368271793999206,0.0,0.0,0.0,0.0
MYC-MAX,32669,9796,6.139323883,1.840913917,3.334932626,1.737657615,1.737657615,7.9802378,13.86692099,3.3349326255614535,0.0,0.0,0.0,0.0
HHEX,37240,14222,6.998329346,2.672670246,2.618478414,1.388728712,1.388728712,9.670999592,13.4303948,2.6184784137252146,0.0,0.0,0.0,0.0
LBX1,26330,6363,4.948066909,1.195767176,4.137985227,2.048928495,2.048928495,6.143834085,12.58827672,4.137985227094138,0.0,0.0,0.0,0.0
TBX5,29555,9096,5.554125237,1.709366373,3.249230431,1.700098061,1.700098061,7.26349161,12.348648,3.2492304309586633,0.0,0.0,0.0,0.0
OTP,33264,12246,6.251139296,2.301330322,2.716315532,1.441651075,1.441651075,8.552469617,12.32967702,2.716315531602156,0.0,0.0,0.0,0.0
MYPOP,14288,703,2.6850733,0.132111319,20.32432432,4.345135486,4.345135486,2.817184619,12.24104886,20.324324324324323,0.0,0.0,0.0,0.0
PAX6,13776,633,2.588855668,0.118956565,21.76303318,4.443807738,4.443807738,2.707812233,12.03299695,21.76303317535545,0.0,0.0,0.0,0.0
AHCTF1,23446,5238,4.406091027,0.98435148,4.47613593,2.162253848,2.162253848,5.390442507,11.65550505,4.476135929744177,0.0,0.0,0.0,0.0
ZBTB44,12981,541,2.439455243,0.101667459,23.99445471,4.584629122,4.584629122,2.541122702,11.65010514,23.994454713493532,0.0,0.0,0.0,0.0
CEBPA,25781,6980,4.844896049,1.31171694,3.693553009,1.885009283,1.885009283,6.156612989,11.60527264,3.6935530085959885,0.0,0.0,0.0,0.0
FOXN4,14936,1032,2.806848741,0.193938665,14.47286822,3.855278957,3.855278957,3.000787406,11.56887254,14.472868217054264,0.0,0.0,0.0,0.0
MXD1-MAX,24590,6159,4.621077299,1.157430463,3.992531255,1.997303702,1.997303702,5.778507762,11.54143494,3.992531255073876,0.0,0.0,0.0,0.0
DMRT3,23254,5529,4.370009415,1.039037673,4.205823838,2.072388424,2.072388424,5.409047088,11.20964657,4.2058238379453785,0.0,0.0,0.0,0.0
PAX3,26544,8054,4.988282872,1.513548457,3.295753663,1.720608414,1.720608414,6.50183133,11.18710569,3.29575366277626,0.0,0.0,0.0,0.0
ZBTB3,19462,3365,3.657397576,0.632367837,5.783655275,2.531981565,2.531981565,4.289765413,10.86160695,5.783655274888559,0.0,0.0,0.0,0.0
CEBPB,24408,6897,4.586874938,1.29611916,3.53892997,1.823313213,1.823313213,5.882994097,10.72654087,3.538929969551979,0.0,0.0,0.0,0.0
FOXP1,11583,434,2.176736005,0.081559477,26.68894009,4.738170107,4.738170107,2.258295482,10.70018815,26.6889400921659,0.0,0.0,0.0,0.0
PGR,19417,3509,3.648940948,0.659429046,5.533485323,2.468188463,2.468188463,4.308369994,10.63386912,5.533485323453975,0.0,0.0,0.0,0.0
HLX,20621,4355,3.875202724,0.818413649,4.735017222,2.243369673,2.243369673,4.693616374,10.52951663,4.7350172215843855,0.0,0.0,0.0,0.0
HOXC5,18604,3335,3.496157872,0.626730085,5.578410795,2.479854178,2.479854178,4.122887957,10.22416093,5.578410794602699,0.0,0.0,0.0,0.0
LCOR,61289,42648,11.51773919,8.014628087,1.437089664,0.523150079,0.523150079,19.53236727,10.21835947,1.4370896642280997,0.0,0.0,0.0,0.0
PAX4,32529,14962,6.113014374,2.811734793,2.17410774,1.120423436,1.120423436,8.924749167,9.999498127,2.1741077396070043,0.0,0.0,0.0,0.0
HOXC6,14201,1455,2.66872382,0.273430967,9.760137457,3.286901466,3.286901466,2.942154786,9.670572881,9.760137457044674,0.0,0.0,0.0,0.0
TLX2,19114,4384,3.591999654,0.823863476,4.359945255,2.12431002,2.12431002,4.41586313,9.380662296,4.359945255474453,0.0,0.0,0.0,0.0
POU2F1,25382,9487,4.769913949,1.782845073,2.675450617,1.4197819,1.4197819,6.552759022,9.303488654,2.6754506166332876,0.0,0.0,0.0,0.0
TBR1,21572,6582,4.053919459,1.236922765,3.277423276,1.712562007,1.712562007,5.290842224,9.060895379,3.2774232756001216,0.0,0.0,0.0,0.0
VENTX,11992,914,2.253597356,0.171763508,13.12035011,3.713734313,3.713734313,2.425360863,9.007145858,13.120350109409191,0.0,0.0,0.0,0.0
WT1,9290,293,1.745823835,0.055062043,31.70648464,4.986706027,4.986706027,1.800885879,8.980488465,31.706484641638227,0.0,0.0,0.0,0.0
HEYL,13705,1676,2.575512988,0.314962406,8.177207637,3.031608274,3.031608274,2.890475394,8.76278912,8.177207637231504,0.0,0.0,0.0,0.0
TBX20,14317,1980,2.690523127,0.372091625,7.230808081,2.854156885,2.854156885,3.062614752,8.74118298,7.230808080808081,0.0,0.0,0.0,0.0
OVOL2,21684,7082,4.074967066,1.330885296,3.061846936,1.614402163,1.614402163,5.405852362,8.727219748,3.0618469358938154,0.0,0.0,0.0,0.0
SETBP1,13664,1756,2.567808061,0.329996411,7.781321185,2.96001513,2.96001513,2.897804471,8.57754508,7.781321184510251,0.0,0.0,0.0,0.0
ZSCAN29,12018,1085,2.258483407,0.203898693,11.0764977,3.469429879,3.469429879,2.462382101,8.543062034,11.076497695852535,0.0,0.0,0.0,0.0
SHOX,24366,9723,4.578982085,1.827195388,2.506016662,1.325396007,1.325396007,6.406177473,8.49072204,2.506016661524221,0.0,0.0,0.0,0.0
LIN54,42297,27530,7.94866639,5.173576984,1.536396658,0.619550731,0.619550731,13.12224337,8.129895475,1.5363966581910642,0.0,0.0,0.0,0.0
MLX,25419,11314,4.776867176,2.126184163,2.246685522,1.167798199,1.167798199,6.903051339,8.06137092,2.246685522361676,0.0,0.0,0.0,0.0
ZFHX2,35150,20827,6.605565965,3.913915287,1.687713065,0.755069646,0.755069646,10.51948125,7.942940987,1.6877130647716907,0.0,0.0,0.0,0.0
MAFG,21414,7915,4.024227299,1.487426874,2.705495894,1.435893052,1.435893052,5.511654173,7.91414593,2.7054958938723943,0.0,0.0,0.0,0.0
EMX1,22030,8673,4.139989138,1.629874071,2.540066874,1.34486648,1.34486648,5.769863209,7.759695627,2.54006687420731,0.0,0.0,0.0,0.0
TBX4,23619,10310,4.438602063,1.9375074,2.290882638,1.195903551,1.195903551,6.376109463,7.62521195,2.290882638215325,0.0,0.0,0.0,0.0
TIGD2,13918,2865,2.615541027,0.538405306,4.857940663,2.280344868,2.280344868,3.153946332,7.192085334,4.857940663176265,0.0,0.0,0.0,0.0
RFX2,11549,1580,2.170346553,0.2969216,7.309493671,2.869771474,2.869771474,2.467268152,7.080495762,7.309493670886076,0.0,0.0,0.0,0.0
RFX8,17791,6439,3.343374796,1.210049481,2.763006678,1.466239049,1.466239049,4.553424277,6.676408481,2.7630066780555986,0.0,0.0,0.0,0.0
KLF1,14041,3774,2.63865581,0.709229188,3.72045575,1.89547936,1.89547936,3.347884997,6.345846912,3.7204557498675146,0.0,0.0,0.0,0.0
FOXB1,7720,459,1.450781486,0.086257604,16.81917211,4.072034789,4.072034789,1.53703909,6.258876647,16.81917211328976,0.0,0.0,0.0,0.0
TCF3,19974,9052,3.753615208,1.70109767,2.20658418,1.141814787,1.141814787,5.454712879,6.228271822,2.206584180291648,0.0,0.0,0.0,0.0
USF1,18444,7798,3.466089862,1.465439641,2.365221852,1.241975511,1.241975511,4.931529503,6.124838875,2.3652218517568606,0.0,0.0,0.0,0.0
LCORL,29976,19026,5.633241689,3.575462249,1.575528225,0.6558356,0.6558356,9.208703937,6.039395867,1.575528224534847,6.74416517966244e-272,2.4616202905767908e-269,2.6748311324306456e-271,9.763133633371857e-269
POU4F1,9145,1063,1.718574701,0.199764342,8.603010348,3.104841573,3.104841573,1.918339043,5.956138812,8.603010348071496,0.0,0.0,0.0,0.0
HOXA2,8606,898,1.617283092,0.168756707,9.583518931,3.26055549,3.26055549,1.786039799,5.823481872,9.583518930957684,0.0,0.0,0.0,0.0
NRF1,12367,3239,2.324069254,0.608689279,3.818153751,1.932875199,1.932875199,2.932758533,5.668656234,3.8181537511577646,0.0,0.0,0.0,0.0
ARID5A,11068,2392,2.079954597,0.449516751,4.627090301,2.210105254,2.210105254,2.529471348,5.590397917,4.627090301003345,0.0,0.0,0.0,0.0
ZFHX3,11854,3004,2.227663697,0.564526889,3.946071904,1.980417245,1.980417245,2.792190586,5.529702387,3.9460719041278294,0.0,0.0,0.0,0.0
POU5F1B,9035,1332,1.697902944,0.250316184,6.783033033,2.761930519,2.761930519,1.948219128,5.380845867,6.783033033033033,0.0,0.0,0.0,0.0
RUNX1,27373,17618,5.14407275,3.31086376,1.553695085,0.6357034,0.6357034,8.45493651,5.374831886,1.5536950845725963,3.768662156674767e-235,1.37556168718629e-232,1.2826812148188622e-234,4.681786434088847e-232
LHX2,9914,1950,1.863089075,0.366453873,5.084102564,2.345993135,2.345993135,2.229542947,5.230492449,5.084102564102564,0.0,0.0,0.0,0.0
CREB3L2,4738,87,0.890388949,0.01634948,54.45977011,5.767118987,5.767118987,0.906738429,5.22926841,54.45977011494253,0.0,0.0,0.0,0.0
NR4A3,14017,5131,2.634145608,0.964243498,2.731826155,1.449865678,1.449865678,3.598389106,5.21718086,2.7318261547456637,0.0,0.0,0.0,0.0
CENPBD1,5464,207,1.026822544,0.038900488,26.39613527,4.722254811,4.722254811,1.065723032,5.032615716,26.396135265700483,0.0,0.0,0.0,0.0
DBP,5367,202,1.008593813,0.037960863,26.56930693,4.73168869,4.73168869,1.046554676,4.951970923,26.56930693069307,0.0,0.0,0.0,0.0
MYBL2,7046,679,1.324119994,0.127601118,10.37702504,3.375320995,3.375320995,1.451721112,4.900024748,10.377025036818852,0.0,0.0,0.0,0.0
RUNX2,17496,9048,3.287936902,1.70034597,1.933687003,0.951354291,0.951354291,4.988282872,4.745624316,1.93368700265252,3.308145259812575e-303,1.20747301983159e-300,9.290354049985269e-302,3.390979228244623e-299
GCM1,14688,6826,2.760243325,1.28277648,2.151772634,1.105525644,1.105525644,4.043019805,4.469662075,2.1517726340462935,0.0,0.0,0.0,0.0
HESX1,15848,7926,2.978236398,1.489494049,1.999495332,0.999635913,0.999635913,4.467730448,4.466103805,1.9994953318193287,1.27984186446139e-298,4.671422805284073e-296,4.90588656322576e-297,1.7906485955774024e-294
NAIF1,7070,912,1.328630195,0.171387657,7.752192982,2.954604486,2.954604486,1.500017853,4.431959477,7.75219298245614,0.0,0.0,0.0,0.0
MITF,9740,2636,1.830390114,0.495370466,3.694992413,1.885571402,1.885571402,2.32576058,4.385387637,3.694992412746586,0.0,0.0,0.0,0.0
DBX1,4667,168,0.877046269,0.031571411,27.7797619,4.795962329,4.795962329,0.90861768,4.357696163,27.779761904761905,0.0,0.0,0.0,0.0
ATF3,19395,11862,3.644806597,2.229167097,1.635053111,0.709337499,0.709337499,5.873973694,4.166629809,1.6350531107739,8.583677659980663e-203,3.133042345892942e-200,3.2309834635431196e-202,1.1793089641932387e-199
CRX,30914,23285,5.809515398,4.375835092,1.327635817,0.408859456,0.408859456,10.18535049,4.164376862,1.3276358170496028,1.9700170638905973e-119,7.19056228320068e-117,2.656961731407476e-119,9.697910319637288e-117
ARID3B,6357,806,1.194639626,0.151467601,7.887096774,2.979494345,2.979494345,1.346107226,4.010718868,7.887096774193548,0.0,0.0,0.0,0.0
HOXB7,4918,383,0.92421546,0.071975299,12.84073107,3.682655438,3.682655438,0.996190759,3.668627315,12.840731070496084,0.0,0.0,0.0,0.0
ESR1,17253,11178,3.242271112,2.100626354,1.543478261,0.626185163,0.626185163,5.342897466,3.345643123,1.5434782608695652,4.872484165639317e-145,1.7784567204583505e-142,1.0531051418935797e-144,3.8438337679115655e-142
FOXN1,6745,1609,1.26755455,0.302371426,4.192044748,2.067654117,2.067654117,1.569925976,3.246063908,4.192044748290864,0.0,0.0,0.0,0.0
DNAJC21,4576,460,0.859945088,0.086445529,9.947826087,3.314381286,3.314381286,0.946390617,3.136699351,9.947826086956521,0.0,0.0,0.0,0.0
SCRT2,3649,193,0.685738555,0.036269537,18.90673575,4.240828398,4.240828398,0.722008092,3.061912421,18.906735751295336,0.0,0.0,0.0,0.0
POU5F1,3415,145,0.64176409,0.027249134,23.55172414,4.557760773,4.557760773,0.669013224,3.04920223,23.551724137931036,0.0,0.0,0.0,0.0
POU6F1,6175,1485,1.160437264,0.279068719,4.158249158,2.055976206,2.055976206,1.439505983,2.959590048,4.158249158249158,0.0,0.0,0.0,0.0
MLXIP,4265,429,0.801500394,0.080619852,9.941724942,3.313496189,3.313496189,0.882120246,2.922902072,9.941724941724942,0.0,0.0,0.0,0.0
HLF,2763,61,0.519236949,0.011463429,45.29508197,5.501282509,5.501282509,0.530700378,2.919532707,45.295081967213115,0.0,0.0,0.0,0.0
XBP1,5201,898,0.977398253,0.168756707,5.791759465,2.534001688,2.534001688,1.146154959,2.904358601,5.791759465478842,0.0,0.0,0.0,0.0
ST18,15397,10208,2.893482195,1.918339043,1.508326803,0.592949045,0.592949045,4.811821238,2.853164807,1.508326802507837,1.0390835883104358e-117,3.7926550973330907e-115,1.8587428822697264e-117,6.784411520284501e-115
IRF2,18422,13656,3.461955511,2.56630466,1.349004101,0.431894734,0.431894734,6.028260171,2.603573822,1.34900410076157,2.033250055991731e-79,7.421362704369819e-77,2.406159271947394e-79,8.782481342607988e-77
CREBZF,2285,39,0.429408769,0.007329077,58.58974359,5.872576231,5.872576231,0.436737846,2.564776296,58.58974358974359,0.0,0.0,2.563621728280776e-309,9.357219308224831e-307
ZFP959,5758,1747,1.082072513,0.328305085,3.29593589,1.720688181,1.720688181,1.410377598,2.426820063,3.2959358900973097,2.8443207549290487e-257,1.0381770755491028e-254,9.518309261099244e-253,3.474182880301224e-250
ZHX1,2468,85,0.463799055,0.01597363,29.03529412,4.859735743,4.859735743,0.479772686,2.33156847,29.03529411764706,0.0,0.0,1.23089248800133e-310,4.492757581204837e-308
EGR1,7979,3877,1.499454078,0.728585469,2.058034563,1.041267211,1.041267211,2.228039547,2.319984525,2.0580345628062937,7.073842043399638e-162,2.581952345840868e-159,6.019943615438253e-161,2.1972794196349625e-158
GMEB1,5120,1380,0.962176323,0.259336587,3.710144928,1.891475543,1.891475543,1.22151291,2.310461794,3.710144927536232,2.380739007364267e-262,8.689697376879575e-260,8.181378243864798e-257,2.9862030590106514e-254
TIGD1,3633,511,0.682731754,0.096029707,7.109589041,2.829766169,2.829766169,0.778761461,2.203712837,7.109589041095891,1.629542906e-315,5.94783160626e-313,1.3084870449890636e-299,4.775977714210082e-297
FOXA2,3903,687,0.733471521,0.129104518,5.681222707,2.506201459,2.506201459,0.862576039,2.161789328,5.681222707423581,2.605830449757316e-292,9.511281141614203e-290,6.593397605351879e-281,2.4065901259534358e-278
EGR2,12922,9166,2.428367664,1.722521127,1.409775256,0.495465189,0.495465189,4.150888792,2.056620901,1.4097752563822823,6.075618424944799e-72,2.2176007251048518e-69,7.428677236521046e-72,2.7114671913301817e-69
DMRT2,1956,71,0.367581423,0.013342679,27.54929577,4.783943535,4.783943535,0.380924103,1.822319399,27.549295774647888,1.5166504482966226e-280,5.5357741362826724e-278,1.1771259046196483e-244,4.296509551861716e-242
KLF12,3129,541,0.588017522,0.101667459,5.783733826,2.532001159,2.532001159,0.689684981,1.746283172,5.78373382624769,1.0131321069836777e-237,3.697932190490423e-235,2.9198061557904616e-228,1.0657292468635184e-225
MYRF,2130,134,0.400280384,0.025181958,15.89552239,3.990548525,3.990548525,0.425462343,1.697828124,15.895522388059701,1.5707823939133943e-264,5.733355737783889e-262,5.226438179899332e-239,1.9076499356632563e-236
KDM2A,2995,585,0.562835564,0.109936162,5.11965812,2.356047473,2.356047473,0.672771726,1.585082124,5.119658119658119,1.067867907406375e-207,3.8977178620332688e-205,1.251387775498874e-200,4.56756538057089e-198
SEBOX,2162,179,0.406293986,0.033638586,12.07821229,3.59433503,3.59433503,0.439932572,1.581265056,12.078212290502794,6.958697757841387e-244,2.5399246816121062e-241,3.9992201595854377e-224,1.4597153582486847e-221
HES4,3384,869,0.635938413,0.16330688,3.894131185,1.961301486,1.961301486,0.799245293,1.567560981,3.894131185270426,3.042549102616789e-183,1.110530422455128e-180,6.077459997254539e-179,2.2182728989979068e-176
PITX2,31321,28478,5.886000898,5.351729944,1.099831449,0.137282445,0.137282445,11.23773084,1.542743167,1.0998314488376992,2.0244137029059293e-16,7.389110015606642e-14,2.0804169671731207e-16,7.59352193018189e-14
ELF3,9461,6734,1.777959021,1.265487374,1.404959905,0.490528959,0.490528959,3.043446395,1.492898592,1.4049599049599049,3.035804539072608e-52,1.1080686567615018e-49,3.8063861996444626e-52,1.3893309628702289e-49
CXXC4,17689,15070,3.324206439,2.832030699,1.173788985,0.231173075,0.231173075,6.156237139,1.423156267,1.17378898473789,1.3466712846100597e-24,4.915350188826718e-22,1.4219363847260387e-24,5.190067804250041e-22
TIGD6,2818,614,0.529572828,0.115385989,4.589576547,2.198361051,2.198361051,0.644958816,1.417852341,4.58957654723127,1.6150149174082944e-178,5.8948044485402744e-176,2.6583558446752933e-173,9.702998833064821e-171
MNT,1193,16,0.2241946,0.003006801,74.5625,6.220378328,6.220378328,0.227201401,1.413278672,74.5625,1.0819189174383208e-198,3.9490040486498712e-196,9.515575917136079e-165,3.473185209754669e-162
RUNX3,2676,542,0.502887469,0.101855384,4.937269373,2.303713359,2.303713359,0.604742853,1.393154189,4.937269372693727,2.042619771518525e-180,7.455562166042617e-178,1.4071914779498044e-174,5.1362488945167863e-172
ETS1,9776,7646,1.837155416,1.436875032,1.278577034,0.354539085,0.354539085,3.274030448,1.160771759,1.2785770337431337,3.1355934364012707e-30,1.1444916042864638e-27,3.2680182180391406e-30,1.1928266495842864e-27
TERF2,1819,249,0.34183569,0.046793341,7.305220884,2.868927896,2.868927896,0.38862903,1.114948666,7.305220883534137,2.316965815692535e-161,8.456925227277753e-159,4.651112382990483e-153,1.697656019791526e-150
E2F2,1922,319,0.361191971,0.059948095,6.02507837,2.590980007,2.590980007,0.421140066,1.091165492,6.025078369905956,4.604389471430592e-151,1.680602157072166e-148,1.2417113351780528e-144,4.532246373399893e-142
ELF4,23933,21950,4.497610533,4.124955133,1.090341686,0.12478031,0.12478031,8.622565666,1.075926418,1.0903416856492028,5.966992433845945e-11,2.17795223835377e-08,6.110360711021777e-11,2.2302816595229486e-08
PAXIP1,1686,211,0.316841656,0.039652188,7.990521327,2.998289632,2.998289632,0.356493845,1.068871798,7.990521327014218,1.4388915980378447e-157,5.251954332838133e-155,1.5577471539997577e-148,5.685777112099115e-146
TFAP2A,2333,638,0.438429172,0.11989619,3.656739812,1.870557978,1.870557978,0.558325362,1.044379961,3.656739811912226,9.405937463671715e-119,3.433167174240176e-116,3.2893706519457685e-116,1.2006202879602055e-113
HMG20B,20744,18830,3.898317507,3.538628936,1.101646309,0.139661111,0.139661111,7.436946443,1.038652205,1.1016463090812534,1.0568456008146872e-11,3.857486442973608e-09,1.0592279821902521e-11,3.86618213499442e-09
CRAMP1L,1154,56,0.216865523,0.010523804,20.60714286,4.365072587,4.365072587,0.227389326,0.992570914,20.607142857142858,4.3111766294114115e-155,1.5735794697351652e-152,5.98622339228647e-138,2.1849715381845612e-135
TBX10,1663,277,0.31251938,0.052055242,6.003610108,2.585830287,2.585830287,0.364574622,0.9427281,6.003610108303249,1.8284191573587125e-130,6.673729924359301e-128,4.414620065439038e-125,1.611336323885249e-122
THAP11,1424,161,0.26760529,0.030255935,8.844720497,3.144816553,3.144816553,0.297861225,0.93671891,8.84472049689441,1.520238989352994e-140,5.548872311138428e-138,1.0856497254694883e-131,3.962621497963632e-129
GCN4,10475,8785,1.968515035,1.650921678,1.192373364,0.253836053,0.253836053,3.619436713,0.918743528,1.1923733636881046,7.288641366658997e-18,2.660354098830534e-15,7.37646749913725e-18,2.6924106371850964e-15
TFAP4,2202,825,0.413810989,0.155038177,2.669090909,1.416348444,1.416348444,0.568849166,0.805688631,2.669090909090909,1.6319350371725545e-74,5.956562885679824e-72,1.3440113494378364e-73,4.905641425448103e-71
KDM2B,6328,4904,1.189189799,0.921584509,1.290375204,0.367790621,0.367790621,2.110774308,0.776322993,1.2903752039151712,1.9080812791588144e-21,6.9644966689296725e-19,1.9678236605149025e-21,7.182556360879394e-19
ARID5B,1173,137,0.220436099,0.025745734,8.562043796,3.097955215,3.097955215,0.246181833,0.762660292,8.562043795620438,5.19307107416636e-114,1.8954709420707214e-111,3.3376949426151216e-107,1.2182586540545194e-104
FOXA1,1798,671,0.337889263,0.126097717,2.679582712,1.422008349,1.422008349,0.463986981,0.65979336,2.6795827123695974,1.566076078823304e-61,5.71617768770506e-59,9.343019659046699e-61,3.410202175552045e-58
NR1H4,23976,22915,4.505691311,4.306302819,1.046301549,0.065298703,0.065298703,8.811994129,0.57541179,1.0463015492035785,0.000536955165092518,0.19598863525876906,0.0005435740843088175,0.1984045407727184
POGK,1681,799,0.315902031,0.150152125,2.10387985,1.073052316,1.073052316,0.466054156,0.500100492,2.1038798498122655,3.694516263442337e-37,1.348498436156453e-34,6.1028317656993045e-37,2.227533594480246e-34
DUXA,13385,12481,2.515376968,2.345492711,1.072430094,0.100883609,0.100883609,4.86086968,0.490382075,1.0724300937424887,7.29467171624445e-05,0.026625551764292245,7.29755555198698e-05,0.026636077764752474
ZBTB1,1075,355,0.202019443,0.066713397,3.028169014,1.59844573,1.59844573,0.26873284,0.429554861,3.028169014084507,2.2223944741641814e-44,8.111739830699262e-42,9.279969923660782e-44,3.3871890221361853e-41
HMGA2,582,49,0.109372387,0.009208328,11.87755102,3.570165499,3.570165499,0.118580715,0.423352777,11.877551020408163,2.1753492858267468e-66,7.940024893267625e-64,4.308995762696451e-61,1.5727834533842046e-58
NFIL3,324,3,0.06088772,0.000563775,108.0,6.754887502,6.754887502,0.061451496,0.41509794,108.0,1.682832599734615e-56,6.142338989031345e-54,1.7111000282050662e-46,6.245515102948491e-44
NFATC4,3446,2694,0.647589767,0.50627012,1.279138827,0.355172851,0.355172851,1.153859887,0.409819705,1.2791388270230142,1.178224160603801e-11,4.300518186203873e-09,1.1955108740096332e-11,4.363614690135161e-09
PBX4,6672,5962,1.25383602,1.120409226,1.119087555,0.162322913,0.162322913,2.374245246,0.385394406,1.1190875545119088,8.349803228496735e-06,0.0030476781784013083,8.360631833595048e-06,0.0030516306192621924
MAFF,1653,962,0.310640129,0.180783911,1.718295218,0.780977926,0.780977926,0.49142404,0.383791327,1.7182952182952183,5.398105875230153e-22,1.9703086444590057e-19,7.148010154954502e-22,2.6090237065583933e-19
CEBPG,726,149,0.136433596,0.028000834,4.872483221,2.284657218,2.284657218,0.16443443,0.375676308,4.87248322147651,1.0874993034123486e-49,3.9693724574550725e-47,5.099770693591126e-48,1.861416303160761e-45
MYC,377,11,0.070847749,0.002067176,34.27272727,5.098989095,5.098989095,0.072914924,0.371792405,34.27272727272727,2.7485982467706985e-57,1.0032383600713049e-54,1.1107037292675674e-49,4.0540686118266213e-47
TEAD3,1122,478,0.210851921,0.08982818,2.347280335,1.230990153,1.230990153,0.300680101,0.370134243,2.3472803347280333,2.765680040119179e-31,1.0094732146435004e-28,4.84608886102889e-31,1.7688224342755448e-28
EP300,1867,1207,0.350856093,0.226825551,1.546810273,0.629296251,0.629296251,0.577681644,0.363532893,1.5468102734051368,2.9355174870866333e-17,1.0714638827866212e-14,3.15572224454439e-17,1.1518386192587023e-14
SOHLH2,1981,1330,0.37227955,0.249940334,1.489473684,0.574802635,0.574802635,0.622219884,0.357653628,1.4894736842105263,9.50506453477801e-16,3.4693485551939736e-13,1.1087650980611412e-15,4.0469926079231653e-13
PAX7,660,126,0.124030542,0.023678558,5.238095238,2.389042291,2.389042291,0.1477091,0.352883285,5.238095238095238,8.630319319759438e-48,3.150066551712195e-45,3.551347772484053e-46,1.2962419369566794e-43
HMG20A,275,5,0.051679392,0.000939625,55.0,5.781359714,5.781359714,0.052619018,0.304209469,55.0,5.423382131140821e-45,1.9795344778663996e-42,3.1780456323824275e-38,1.159986655819586e-35
NFIC,925,431,0.173830683,0.080995702,2.146171694,1.101765496,1.101765496,0.254826385,0.280758919,2.1461716937354987,5.44686750781301e-22,1.988106640351749e-19,7.374298691291279e-22,2.691619022321317e-19
CEBPD,273,13,0.051303542,0.002443026,21.0,4.392317423,4.392317423,0.053746568,0.236071987,21.0,9.432119682884003e-38,3.4427236842526613e-35,9.240027503349047e-34,3.3726100387224024e-31
MXI1,431,83,0.080995702,0.01559778,5.192771084,2.376504628,2.376504628,0.096593482,0.229554858,5.192771084337349,1.7863092891530223e-31,6.520028905408531e-29,1.897858657743392e-30,6.92718410076338e-28
ATF4,793,393,0.149024575,0.07385455,2.017811705,1.012791553,1.012791553,0.222879125,0.225730095,2.017811704834606,9.330372081427367e-17,3.405585809720989e-14,1.1259935363275502e-16,4.1098764075955584e-14
MTF2,930,530,0.174770309,0.099600283,1.754716981,0.811238357,0.811238357,0.274370592,0.222579948,1.7547169811320755,9.482806154472265e-14,3.461224246382377e-11,1.0424055288607595e-13,3.804780180341772e-11
MAFK,1765,1358,0.331687736,0.255202236,1.299705449,0.378184704,0.378184704,0.586889972,0.22195281,1.2997054491899853,2.6068851387604207e-07,9.515130756475536e-05,2.8147840460773474e-07,0.00010273961768182318
E4F1,334,40,0.062766971,0.007517003,8.35,3.061776198,3.061776198,0.070283974,0.215193797,8.35,5.377006073614404e-33,1.9626072168692574e-30,3.6209921599782865e-31,1.3216621383920747e-28
CTCF,3799,3415,0.713927314,0.64176409,1.112445095,0.153734133,0.153734133,1.355691404,0.208416043,1.1124450951683749,0.001464952984963006,0.5347078395114971,0.0014658034289870019,0.5350182515802556
ZNF652,221,10,0.041531439,0.001879251,22.1,4.465974465,4.465974465,0.04341069,0.193871031,22.1,2.4007546655066712e-31,8.76275452909935e-29,8.278596937604895e-28,3.0216878822257866e-25
IRF1,833,490,0.156541577,0.092083281,1.7,0.765534746,0.765534746,0.248624858,0.190330968,1.7,1.8827477195422908e-11,6.872029176329361e-09,2.3000499572928245e-11,8.39518234411881e-09
RARG,10945,10614,2.056839815,1.994636619,1.031185227,0.044303501,0.044303501,4.051476433,0.179494589,1.031185227058602,0.1119986634309485,1.0,0.11309064452978419,1.0
PHF1,1378,1050,0.258960737,0.197321316,1.312380952,0.39218656,0.39218656,0.456282053,0.178947689,1.3123809523809524,2.723714191949632e-06,0.0009941556800616158,2.7467375834012877e-06,0.00100255921794147
PKNOX1,409,141,0.076861351,0.026497434,2.90070922,1.536405681,1.536405681,0.103358785,0.158801024,2.900709219858156,8.497836801693726e-17,3.10171043261821e-14,1.346505947062858e-16,4.914746706779432e-14
HNF4A,11374,11098,2.137459667,2.085592349,1.024869346,0.035440001,0.035440001,4.223052016,0.149664969,1.024869345828077,0.19619138034613273,1.0,0.1961919364167868,1.0
FBXL19,7770,7521,1.46017774,1.413384399,1.0331073,0.046990102,0.046990102,2.873562138,0.135028977,1.0331072995612285,0.15613549387534187,1.0,0.15781240786889603,1.0
OVOL1,171,12,0.032135186,0.002255101,14.25,3.832890014,3.832890014,0.034390287,0.131814186,14.25,9.240834457756393e-22,3.3729045770810833e-19,8.147902718979343e-20,2.9739844924274605e-17
ZFP91,1156,916,0.217241373,0.172139358,1.262008734,0.335721894,0.335721894,0.389380731,0.130723637,1.262008733624454,0.00021195279917472125,0.07736277169877326,0.0002127574552934016,0.07765647118209158
ZNF12,122,3,0.022926858,0.000563775,40.66666667,5.345774837,5.345774837,0.023490633,0.125575634,40.666666666666664,7.36768759058261e-20,2.6892059705626526e-17,3.959643504802529e-17,1.4452698792529233e-14
SREBF1,469,255,0.088136855,0.047920891,1.839215686,0.879090676,0.879090676,0.136057746,0.119607096,1.8392156862745097,1.6609703406394486e-08,6.062541743333987e-06,1.7700419764668394e-08,6.460653214103964e-06
E2F3,1211,1002,0.227577251,0.188300913,1.208582834,0.273316356,0.273316356,0.415878164,0.113666305,1.2085828343313374,0.0017452340458649208,0.6370104267406961,0.0018398369512183886,0.6715404871947118
ZNF623,101,2,0.018980431,0.00037585,50.5,5.658211483,5.658211483,0.019356281,0.109521934,50.5,4.5808405755690126e-17,1.6720068100826897e-14,1.2920110519155552e-14,4.715840339491777e-12
REST,626,440,0.117641089,0.082687028,1.422727273,0.508659133,0.508659133,0.200328117,0.101898726,1.4227272727272726,6.263992426042344e-05,0.022863572355054554,6.328507132371888e-05,0.02309905103315739
ZNF639,215,74,0.040403889,0.013906455,2.905405405,1.538739484,1.538739484,0.054310343,0.083569469,2.9054054054054053,1.5304396450000409e-09,5.586104704250149e-07,2.4955503842579806e-09,9.10875890254163e-07
ZNF865,161,34,0.030255935,0.006389452,4.735294118,2.243454037,2.243454037,0.036645387,0.082212242,4.735294117647059,7.712325250525172e-12,2.8149987164416878e-09,2.1638691049991193e-11,7.898122233246786e-09
CREB1,375,228,0.070471899,0.042846914,1.644736842,0.717856771,0.717856771,0.113318813,0.081346677,1.644736842105263,2.2293052977207726e-05,0.00813696433668082,2.590908360067478e-05,0.009456815514246295
ZNF34,110,9,0.020671757,0.001691326,12.22222222,3.611434712,3.611434712,0.022363082,0.080762812,12.222222222222221,1.0434559033865822e-13,3.808614047361025e-11,1.3703249078350394e-12,5.001685913597894e-10
KLF9,104,9,0.019544207,0.001691326,11.55555556,3.530514717,3.530514717,0.021235532,0.074972359,11.555555555555555,9.078398590179612e-13,3.3136154854155584e-10,9.239728777042413e-12,3.372501003620481e-09
CREM,162,43,0.03044386,0.008080778,3.76744186,1.913585248,1.913585248,0.038524638,0.073720179,3.7674418604651163,7.784052170034288e-10,2.841179042062515e-07,1.5589700296762708e-09,5.690240608318389e-07
NFIB,795,664,0.149400425,0.124782242,1.197289157,0.259771619,0.259771619,0.274182667,0.071224875,1.197289156626506,0.01598283626712682,1.0,0.016826354714036873,1.0
TFE3,312,187,0.05863262,0.035141987,1.668449198,0.738507759,0.738507759,0.093774606,0.069253274,1.6684491978609626,7.464359622399678e-05,0.027244912621758825,8.694579066468257e-05,0.03173521359260914
USF2,254,151,0.047732966,0.028376685,1.682119205,0.750279947,0.750279947,0.076109651,0.057103545,1.6821192052980132,0.00029749754324146795,0.1085866032831358,0.00034646863502180603,0.1264610517829592
BHLHE40,175,76,0.032886886,0.014282305,2.302631579,1.203283598,1.203283598,0.047169191,0.056757914,2.3026315789473686,7.596041720054646e-06,0.0027725552278199455,1.0052154288232579e-05,0.0036690363152048914
RFX1,51,4,0.009584178,0.0007517,12.75,3.672425342,3.672425342,0.010335878,0.037957742,12.75,5.262362506207171e-07,0.00019207623147656175,2.07915821393918e-06,0.0007588927480878006
HOXA3,73,19,0.01371853,0.003570576,3.842105263,1.941897045,1.941897045,0.017289106,0.033573663,3.8421052631578947,5.124574245164482e-05,0.01870469599485036,6.070040146840727e-05,0.022155646535968652
TCFEC,903,844,0.169696332,0.158608753,1.069905213,0.097482989,0.097482989,0.328305085,0.032004161,1.069905213270142,0.3264178834380326,1.0,0.33482524572098205,1.0
ZNF426,60,16,0.011275504,0.003006801,3.75,1.906890596,1.906890596,0.014282305,0.027234793,3.75,0.000328550987060052,0.11992111027691899,0.00037223256573657907,0.13586488649385137
E2F1,30,2,0.005637752,0.00037585,15.0,3.906890596,3.906890596,0.006013602,0.023494485,15.0,0.00017586774119397267,0.06419172553580002,0.000301218488610202,0.10994474834272373
MGA,25,0,0.004698127,0.0,26.0,4.700439718,4.700439718,0.004698127,0.022083261,inf,2.930898044401382e-05,0.010697777862065045,0.00017273050296817515,0.06304663358338393
ZBTB21,28,2,0.005261902,0.00037585,14.0,3.807354922,3.807354922,0.005637752,0.021464922,14.0,0.0003716659746162567,0.13565808073493368,0.0005861594513588568,0.21394819974598273
ZNF518A,56,22,0.010523804,0.004134351,2.545454545,1.347923303,1.347923303,0.014658155,0.019758069,2.5454545454545454,0.008408289702360027,1.0,0.008660859137714163,1.0
ZNF654,144,108,0.027061209,0.020295907,1.333333333,0.415037499,0.415037499,0.047357116,0.019654979,1.3333333333333333,0.12884052713154004,1.0,0.1289240001976381,1.0
AHDC1,71,38,0.013342679,0.007141152,1.868421053,0.901819606,0.901819606,0.020483832,0.018472721,1.868421052631579,0.028198437039548486,1.0,0.03366494874563544,1.0
ARID4B,77,44,0.01447023,0.008268703,1.75,0.807354922,0.807354922,0.022738933,0.018358389,1.75,0.03772880742614805,1.0,0.044267856520180754,1.0
NFIX,42,14,0.007892853,0.002630951,3.0,1.584962501,1.584962501,0.010523804,0.016679834,3.0,0.010753285255188955,1.0,0.011169835310014125,1.0
ZNF555,29,7,0.005449827,0.001315475,4.142857143,2.050626073,2.050626073,0.006765302,0.013873105,4.142857142857143,0.012527634603681906,1.0,0.013308292990886145,1.0
ZNF687,29,7,0.005449827,0.001315475,4.142857143,2.050626073,2.050626073,0.006765302,0.013873105,4.142857142857143,0.012527634603681906,1.0,0.013308292990886145,1.0
DRAP1,26,5,0.004886052,0.000939625,5.2,2.378511623,2.378511623,0.005825677,0.01385644,5.2,0.006561081008931338,1.0,0.010329686015221178,1.0
PBX1,29,11,0.005449827,0.002067176,2.636363636,1.398549376,1.398549376,0.007517003,0.010512899,2.6363636363636362,0.0655719752234118,1.0,0.06636802569144291,1.0
ZBTB2,32,16,0.006013602,0.003006801,2.0,1.0,1.0,0.009020403,0.009020403,2.0,0.14689459904538757,1.0,0.14729913862267172,1.0
ATF1,18,4,0.003382651,0.0007517,4.5,2.169925001,2.169925001,0.004134351,0.008971232,4.5,0.054613851221539736,1.0,0.056360223771616424,1.0
ZNF507,12,0,0.002255101,0.0,13.0,3.700439718,3.700439718,0.002255101,0.008344864,inf,0.013729977116704806,1.0,0.01842212545409897,1.0
ZNF558,64,49,0.012027204,0.009208328,1.306122449,0.385290156,0.385290156,0.021235532,0.008181841,1.3061224489795917,0.35081917029326504,1.0,0.3861293447979903,1.0
ARID4A,18,5,0.003382651,0.000939625,3.6,1.847996907,1.847996907,0.004322276,0.007987554,3.6,0.0653871773810295,1.0,0.09087769531791215,1.0
ZNF10,14,5,0.002630951,0.000939625,2.8,1.485426827,1.485426827,0.003570576,0.00530383,2.8,0.18367154696409427,1.0,0.24248236853416244,1.0
ZNF549,17,8,0.003194726,0.001503401,2.125,1.087462841,1.087462841,0.004698127,0.005109038,2.125,0.25159039322537385,1.0,0.31422934452908713,1.0
E2F6,41,34,0.007704928,0.006389452,1.205882353,0.270089163,0.270089163,0.01409438,0.003806739,1.2058823529411764,0.6240854188415184,1.0,0.6827645642066533,1.0
ZNF146,20,16,0.003758501,0.003006801,1.25,0.321928095,0.321928095,0.006765302,0.002177941,1.25,0.8136054463007536,1.0,0.8133808026168752,1.0
YY1,143,144,0.026873284,0.027061209,0.993055556,-0.010053665,0.010053665,0.053934493,-0.000542239,0.9930555555555556,1.0,1.0,1.0,1.0
ZNF574,19,25,0.003570576,0.004698127,0.76,-0.395928676,0.395928676,0.008268703,-0.003273817,0.76,0.6693616196074865,1.0,0.6690909052320637,1.0
TFDP1,7,16,0.001315475,0.003006801,0.4375,-1.192645078,1.192645078,0.004322276,-0.005154942,0.4375,0.23073317825967304,1.0,0.29260061074472254,1.0
HNF4G,48,58,0.009020403,0.010899654,0.827586207,-0.273018494,0.273018494,0.019920057,-0.005438544,0.8275862068965517,0.5823915859749724,1.0,0.5822819728336224,1.0
ZNF134,14,27,0.002630951,0.005073977,0.518518519,-0.94753258,0.94753258,0.007704928,-0.00730067,0.5185185185185185,0.18003231816326803,1.0,0.21858240966382286,1.0
SP1,4,17,0.0007517,0.003194726,0.235294118,-2.087462841,2.087462841,0.003946426,-0.008238018,0.23529411764705882,0.051628631534488996,1.0,0.07426213941891874,1.0
SP4,4,17,0.0007517,0.003194726,0.235294118,-2.087462841,2.087462841,0.003946426,-0.008238018,0.23529411764705882,0.051628631534488996,1.0,0.07426213941891874,1.0
ZFY,11,26,0.002067176,0.004886052,0.423076923,-1.2410081,1.2410081,0.006953227,-0.008629011,0.4230769230769231,0.09671410615045384,1.0,0.12276847751978338,1.0
ZFP3,50,69,0.009396253,0.012966829,0.724637681,-0.464668267,0.464668267,0.022363082,-0.010391415,0.7246376811594203,0.24189624969196238,1.0,0.2689539808816584,1.0
NFYA,44,63,0.008268703,0.011839279,0.698412698,-0.517848305,0.517848305,0.020107982,-0.010412884,0.6984126984126984,0.21680296076453753,1.0,0.24333008424299266,1.0
ZNF394,12,32,0.002255101,0.006013602,0.375,-1.415037499,1.415037499,0.008268703,-0.011700524,0.375,0.048054967944243514,1.0,0.04879612639204969,1.0
ZNF629,331,355,0.062203196,0.066713397,0.932394366,-0.100987808,0.100987808,0.128916593,-0.013019004,0.9323943661971831,0.5525044274008506,1.0,0.552488660526067,1.0
ZBTB26,11,33,0.002067176,0.006201527,0.333333333,-1.584962501,1.584962501,0.008268703,-0.013105584,0.3333333333333333,0.026953634037844135,1.0,0.02767042796309694,1.0
TEAD4,16,39,0.003006801,0.007329077,0.41025641,-1.285402219,1.285402219,0.010335878,-0.013285761,0.41025641025641024,0.031740154740789596,1.0,0.04060611285385322,1.0
ZBTB8A,30,54,0.005637752,0.010147953,0.555555556,-0.847996907,0.847996907,0.015785705,-0.013386229,0.5555555555555556,0.08603601430108734,1.0,0.08635873964701252,1.0
ZBTB40,53,80,0.009960028,0.015034005,0.6625,-0.59400764,0.59400764,0.024994033,-0.014846647,0.6625,0.10901465863489322,1.0,0.12336391771476529,1.0
NFYC,21,47,0.003946426,0.008832478,0.446808511,-1.162271429,1.162271429,0.012778904,-0.014852555,0.44680851063829785,0.03558137063590405,1.0,0.03602418151621273,1.0
NFYB,18,44,0.003382651,0.008268703,0.409090909,-1.289506617,1.289506617,0.011651354,-0.015024498,0.4090909090909091,0.027031465126932535,1.0,0.02750585125843758,1.0
DNMT1,2304,2334,0.432979345,0.438617097,0.98714653,-0.018663844,0.018663844,0.871596442,-0.01626734,0.987146529562982,0.7712647329922001,1.0,0.7712629024815165,1.0
NR2C2,34,64,0.006389452,0.012027204,0.53125,-0.912537159,0.912537159,0.018416656,-0.016805883,0.53125,0.04268698085199375,1.0,0.04298583612954441,1.0
ZBTB11,10,38,0.001879251,0.007141152,0.263157895,-1.925999419,1.925999419,0.009020403,-0.017373291,0.2631578947368421,0.005153764996478375,1.0,0.005533123747068712,1.0
TFDP2,13,43,0.002443026,0.008080778,0.302325581,-1.725825037,1.725825037,0.010523804,-0.018162244,0.3023255813953488,0.005707455359687228,1.0,0.006030884743902559,1.0
GABPA,39,72,0.007329077,0.013530605,0.541666667,-0.884522783,0.884522783,0.020859682,-0.018450864,0.5416666666666666,0.029731687406506963,1.0,0.03538205898706087,1.0
ZNF512,2,26,0.00037585,0.004886052,0.076923077,-3.700439718,3.700439718,0.005261902,-0.01947135,0.07692307692307693,0.0007799897148574507,0.2846962459229695,0.0011385483161214169,0.41557013538431714
ZMYM3,140,177,0.026309509,0.033262736,0.790960452,-0.338322533,0.338322533,0.059572245,-0.020154633,0.7909604519774012,0.1520718367475018,1.0,0.1638010783629311,1.0
NFE2,1909,1947,0.358748945,0.365890098,0.980482794,-0.028435781,0.028435781,0.724639043,-0.020605677,0.980482794042116,0.6818499226752067,1.0,0.6818472158166049,1.0
SP3,6,38,0.00112755,0.007141152,0.157894737,-2.662965013,2.662965013,0.008268703,-0.022019266,0.15789473684210525,0.00047317621677465287,0.1727093191227483,0.0005968698614286023,0.21785749942143984
GABPB1,128,172,0.024054408,0.032323111,0.744186047,-0.426264755,0.426264755,0.056377519,-0.024031749,0.7441860465116279,0.08547841626123234,1.0,0.08556485893211176,1.0
ZNF76,0,28,0.0,0.005261902,0.034482759,-4.857980995,4.857980995,0.005261902,-0.025562219,0.0,1.3822033558200038e-05,0.005045042248743014,6.0235307422885165e-05,0.021985887209353086
TEAD1,162,215,0.03044386,0.040403889,0.753488372,-0.408342847,0.408342847,0.070847749,-0.028930171,0.7534883720930232,0.057590306864918075,1.0,0.06261493821216611,1.0
ELF1,58,119,0.010899654,0.022363082,0.487394958,-1.036836768,1.036836768,0.033262736,-0.034488028,0.48739495798319327,0.0011788838225162551,0.4302925952184331,0.0014553953258653247,0.5312192939408436
GATA2,91,154,0.017101181,0.02894046,0.590909091,-0.7589919,0.7589919,0.04604164,-0.034945232,0.5909090909090909,0.004696410471114382,1.0,0.00545664667199203,1.0
MAZ,1,40,0.000187925,0.007517003,0.025,-5.321928095,5.321928095,0.007704928,-0.041005071,0.025,4.4382675631642065e-07,0.00016199676605549353,3.4014660085209302e-06,0.0012415350931101396
BACH1,142,217,0.026685359,0.040779739,0.65437788,-0.611804113,0.611804113,0.067465098,-0.041275424,0.6543778801843319,0.005457658469992215,1.0,0.006156614096824853,1.0
ATF2,7107,7186,1.335583423,1.350429503,0.989006401,-0.015948236,0.015948236,2.686012925,-0.042837168,0.989006401335931,0.6445566598311888,1.0,0.6488044016312635,1.0
IRF4,5,60,0.000939625,0.011275504,0.083333333,-3.584962501,3.584962501,0.012215129,-0.04379078,0.08333333333333333,6.489174552258645e-08,2.3685487115744054e-05,2.894934679563007e-07,0.00010566511580404975
JUN,230,331,0.043222764,0.062203196,0.694864048,-0.525197356,0.525197356,0.10542596,-0.055369436,0.6948640483383686,0.002707123873542912,0.9881002138431629,0.0030013355956385684,1.0
NR2F2,13,107,0.002443026,0.020107982,0.121495327,-3.041027268,3.041027268,0.022551008,-0.068578229,0.12149532710280374,3.165645899061611e-11,1.1554607531574879e-08,1.0877745695087423e-10,3.9703771787069095e-08
NFE2L2,91,224,0.017101181,0.042095214,0.40625,-1.299560282,1.299560282,0.059196395,-0.076929284,0.40625,6.573925265520078e-08,2.3994827219148284e-05,9.320000743347684e-08,3.4018002713219045e-05
TCF7L2,92,230,0.017289106,0.043222764,0.4,-1.321928095,1.321928095,0.06051187,-0.079992341,0.4,3.551388011948737e-08,1.296256624361289e-05,4.0974620733928445e-08,1.4955736567883883e-05
ZNF148,3,94,0.000563775,0.017664956,0.031914894,-4.969626351,4.969626351,0.018228731,-0.090589982,0.031914893617021274,6.3339448552421555e-15,2.311889872163387e-12,4.648841925375896e-13,1.696827302762202e-10
ZNF513,5,150,0.000939625,0.028188759,0.033333333,-4.906890596,4.906890596,0.029128385,-0.142929797,0.03333333333333333,4.9471019265039645e-23,1.805692203173947e-20,3.9643514888493855e-20,1.4469882934300257e-17
SPDEF,5625,5909,1.057078479,1.110449197,0.951937722,-0.071060903,0.071060903,2.167527677,-0.154026473,0.9519377221188018,0.06333001944237994,1.0,0.06333235743931709,1.0
ZNF398,89,364,0.016725331,0.068404723,0.244505495,-2.032061209,2.032061209,0.085130054,-0.17298948,0.2445054945054945,4.0805964307013627e-22,1.4894176972059974e-19,1.7500878450400165e-21,6.38782063439606e-19
TET1,3788,4117,0.711860139,0.773687484,0.920087442,-0.120157118,0.120157118,1.485547623,-0.178499121,0.9200874423123634,0.009074248734817424,1.0,0.009289482863873082,1.0
FOSL2,691,1023,0.129856219,0.192247339,0.675464321,-0.566048529,0.566048529,0.322103558,-0.182326245,0.6754643206256109,1.4500705030955189e-08,5.292757336298644e-06,1.4882396359552916e-08,5.4320746712368145e-06
E2F4,1047,1384,0.196757541,0.260088287,0.75650289,-0.402582501,0.402582501,0.456845828,-0.183918136,0.7565028901734104,1.350617585941758e-06,0.0004929754188687417,1.4649213920557323e-06,0.0005346963081003423
ZNF189,14,232,0.002630951,0.043598615,0.060344828,-4.050626073,4.050626073,0.046229565,-0.187258683,0.0603448275862069,2.9363453728630146e-30,1.0717660610950004e-27,1.7382352832668126e-27,6.344558783923866e-25
VEZF1,354,689,0.066525472,0.129480368,0.513788099,-0.960754623,0.960754623,0.196005841,-0.188313518,0.5137880986937591,1.1167124936425011e-13,4.076000601795129e-11,1.5031656512427403e-13,5.486554627036002e-11
ONECUT2,476,816,0.08945233,0.153346851,0.583333333,-0.777607579,0.777607579,0.242799181,-0.188802484,0.5833333333333334,1.8449708360512305e-11,6.734143551586991e-09,1.9794165152677124e-11,7.22487028072715e-09
PRDM1,121,431,0.022738933,0.080995702,0.280742459,-1.832680822,1.832680822,0.103734635,-0.190112476,0.28074245939675174,1.7833662150041694e-22,6.509286684765218e-20,4.533626389636155e-22,1.6547736322171964e-19
ELK1,7957,8348,1.495319726,1.568798426,0.953162434,-0.069206002,0.069206002,3.064118152,-0.212055365,0.9531624341159559,0.030783995696435293,1.0,0.031216948029049132,1.0
JUND,708,1116,0.133050945,0.20972437,0.634408602,-0.656515762,0.656515762,0.342775315,-0.225037397,0.6344086021505376,1.2723850126406717e-11,4.6442052961384514e-09,1.3382405989392174e-11,4.884578186128144e-09
KMT2A,6091,6524,1.144651559,1.226023111,0.933629675,-0.099077678,0.099077678,2.37067467,-0.234880941,0.933629675045984,0.006524596716469329,1.0,0.006651032101931281,1.0
ELK4,9359,9876,1.758790665,1.855947922,0.947650871,-0.077572449,0.077572449,3.614738587,-0.280404125,0.9476508707978939,0.008511520975268212,1.0,0.008640918917114436,1.0
FOS,1141,1696,0.214422497,0.318720907,0.672759434,-0.571837378,0.571837378,0.533143404,-0.304871326,0.6727594339622641,1.4026605770697102e-13,5.1197111063044425e-11,1.6213809441572097e-13,5.918040446173816e-11
ARID3C,27100,27666,5.092769207,5.199134793,0.979541676,-0.02982122,0.02982122,10.291904,-0.306917133,0.979541675703029,0.08834778793935973,1.0,0.08834824908718031,1.0
PLAGL2,593,1175,0.111439562,0.220811949,0.504680851,-0.986556747,0.986556747,0.332251511,-0.32778497,0.5046808510638298,3.618690206795907e-23,1.3208219254805061e-20,4.664110704924127e-23,1.7024004072973065e-20
ZSCAN4,44,483,0.008268703,0.090767805,0.091097308,-3.45644776,3.45644776,0.099036508,-0.342314517,0.09109730848861283,1.2288856532465866e-53,4.4854326343500414e-51,1.34215094904239e-49,4.898850964004723e-47
ESRRB,2589,3238,0.486537988,0.608501354,0.799567634,-0.32270802,0.32270802,1.095039342,-0.353377978,0.7995676343421866,1.8166575047990114e-09,6.630799892516392e-07,1.941520308603329e-09,7.086549126402151e-07
ETV1,10202,10856,1.917211493,2.040114484,0.939756817,-0.08964062,0.08964062,3.957325977,-0.354737154,0.9397568165070007,0.0014855567231950096,0.5422282039661785,0.0014858500258836875,0.5423352594475459
FOSL1,1334,2104,0.250692034,0.395394333,0.634030418,-0.657376038,0.657376038,0.646086367,-0.424721696,0.6340304182509505,1.0524988761972544e-20,3.8416208981199786e-18,1.159246505164247e-20,4.231249743849501e-18
PPARG,2840,3634,0.533707179,0.682919679,0.78150798,-0.35566749,0.35566749,1.216626858,-0.432714621,0.7815079801871216,3.047188078283341e-12,1.1122236485734195e-09,3.0946459173039306e-12,1.1295457598159348e-09
ZNF263,64,643,0.012027204,0.120835816,0.099533437,-3.328674927,3.328674927,0.13286302,-0.442257802,0.09953343701399689,2.8150421797260393e-68,1.0274903956000044e-65,1.7672305820703676e-63,6.450391624556842e-61
RARB,5522,6344,1.037722198,1.1921966,0.870428752,-0.200201883,0.200201883,2.229918798,-0.446433942,0.8704287515762925,1.0007347864827996e-07,3.652681970662219e-05,1.0035720409380673e-07,3.663037949423946e-05
TFAP2D,130,791,0.024430258,0.148648725,0.164348925,-2.605166071,2.605166071,0.173078983,-0.450899494,0.16434892541087232,1.4142184968470238e-63,5.1618975134916366e-61,8.340004160959126e-61,3.044101518750081e-58
ZNF770,30,552,0.005637752,0.103734635,0.054347826,-4.201633861,4.201633861,0.109372387,-0.459542723,0.05434782608695652,1.29287074835829e-72,4.7189782315077586e-70,3.3591703815848957e-65,1.226097189278487e-62
ETV3,5251,6160,0.986794506,1.157618388,0.852435065,-0.230338155,0.230338155,2.144412894,-0.49394011,0.8524350649350649,1.7875893670043182e-09,6.524701189565761e-07,1.871017646017655e-09,6.82921440796444e-07
BCL11B,12242,13186,2.300578621,2.477979881,0.928408919,-0.107167713,0.107167713,4.778558502,-0.512107187,0.9284089185499772,2.941094320228345e-05,0.010734994268833458,2.942553107721242e-05,0.010740318843182533
ONECUT1,863,1796,0.162179329,0.337513413,0.480512249,-1.057354886,1.057354886,0.499692743,-0.528352563,0.48051224944320714,9.394928380331793e-39,3.4291488588211044e-36,1.8644657003738761e-38,6.805299806364648e-36
ZSCAN10,2829,3909,0.531640003,0.734599071,0.723714505,-0.466507408,0.466507408,1.266239075,-0.590709908,0.7237145049884881,1.149736686387883e-20,4.196538905315773e-18,1.2061453232400726e-20,4.402430429826265e-18
ETV3L,4928,6042,0.92609471,1.135443231,0.815623966,-0.294023928,0.294023928,2.061537941,-0.606141483,0.8156239655743132,5.534664365224433e-14,2.0201524933069182e-11,5.6029083856839974e-14,2.045061560774659e-11
ETV5,11851,12977,2.227099922,2.438703543,0.913231101,-0.130948102,0.130948102,4.665803464,-0.610978107,0.913231101179009,4.5217792305811996e-07,0.0001650449419162138,4.5266903160887605e-07,0.00016522419653723975
NFATC3,9335,10591,1.754280463,1.990314342,0.881408743,-0.182116887,0.182116887,3.744594805,-0.68195395,0.8814087432725899,3.273012156515293e-10,1.1946494371280819e-07,3.2837350454737377e-10,1.1985632915979143e-07
ZZZ3,1722,2975,0.323606958,0.559077062,0.578823529,-0.788804526,0.788804526,0.882684021,-0.69626515,0.5788235294117647,5.959644230404593e-39,2.1752701440976764e-36,8.986773147538342e-39,3.280172198851495e-36
RXRB,9446,10991,1.775140145,2.065484367,0.859430443,-0.218547213,0.218547213,3.840624513,-0.839357784,0.8594304430898008,2.1160702767489857e-14,7.723656510133797e-12,2.214314135217153e-14,8.082246593542609e-12
ZNF596,25,855,0.004698127,0.160675929,0.029239766,-5.09592442,5.09592442,0.165374055,-0.842733688,0.029239766081871343,1.74083526519908e-128,6.354048717976642e-126,5.918498667069118e-111,2.1602520134802283e-108
NR2F6,7629,9234,1.433680306,1.735300032,0.826185835,-0.27546177,0.27546177,3.168980337,-0.872932932,0.8261858349577648,2.21602987729185e-18,8.088509052115252e-16,2.359502759731408e-18,8.61218507301964e-16
BCL11A,14491,16133,2.723222088,3.031795041,0.898221038,-0.154857582,0.154857582,5.755017129,-0.891208039,0.8982210376247444,3.3687121673892614e-11,1.2295799410970804e-08,3.3775904417443746e-11,1.2328205112366968e-08
SPIC,1175,2785,0.220811949,0.5233713,0.421903052,-1.245016571,1.245016571,0.744183249,-0.926520477,0.42190305206463197,1.1225840605095559e-76,4.097431820859879e-74,4.853933160767193e-76,1.7716856036800255e-73
ERG,12485,14364,2.346244412,2.699355605,0.869186856,-0.202261737,0.202261737,5.045600017,-1.020531823,0.8691868560289613,5.057839323732859e-16,1.8461113531624933e-13,5.275973009442633e-16,1.925730148446561e-13
HDX,6091,8017,1.144651559,1.50659523,0.759760509,-0.39638337,0.39638337,2.651246789,-1.050910136,0.7597605089185481,1.5637684774632704e-30,5.707754942740937e-28,1.6478359774713417e-30,6.014601317770397e-28
GATA4,8303,10265,1.560341798,1.929050772,0.808865075,-0.306029024,0.306029024,3.48939257,-1.067855403,0.8088650754992693,2.25531950082458e-24,8.231916178009717e-22,2.3111184640405804e-24,8.435582393748119e-22
ELK3,11349,13377,2.13276154,2.513873568,0.848396501,-0.237189423,0.237189423,4.646635108,-1.102132701,0.8483965014577259,7.543461854441746e-20,2.753363576871237e-17,7.63247196393581e-20,2.785852266836571e-17
NR2F1,4887,7126,0.918389783,1.339153999,0.685798484,-0.544143379,0.544143379,2.257543782,-1.228427501,0.6857984844232389,1.0113232257742292e-47,3.6913297740759366e-45,1.3023390216252199e-47,4.753537428932052e-45
ARID1B,673,2711,0.126473567,0.509464846,0.248247879,-2.010146703,2.010146703,0.635938413,-1.278329505,0.24824787901143489,3.7981097039933406e-152,1.3863100419575693e-149,1.6806824502182545e-148,6.134490943296629e-146
ETV4,11667,14106,2.19252171,2.650870939,0.827094853,-0.273875304,0.273875304,4.843392649,-1.326485635,0.8270948532539345,5.77650952340457e-27,2.108425976042668e-24,6.192207602804609e-27,2.2601557750236824e-24
NR2E1,31686,34502,5.954593546,6.483790524,0.918381543,-0.122834447,0.122834447,12.43838407,-1.527862025,0.9183815430989508,1.0234360222701079e-14,3.735541481285894e-12,1.0257489051492352e-14,3.743983503794708e-12
NR5A1,5338,8132,1.003143986,1.528206612,0.656419085,-0.60731091,0.60731091,2.531350599,-1.537316835,0.6564190850959174,1.0733602701121064e-65,3.9177649859091883e-63,1.416601184098252e-65,5.170594321958619e-63
NFATC2,8197,11098,1.540421741,2.085592349,0.73860155,-0.437131805,0.437131805,3.626014091,-1.585046085,0.738601549828798,1.2339123128458082e-49,4.5037799418872e-47,1.4799323055678352e-49,5.401752915322598e-47
MSANTD3,3817,6820,0.717309965,1.28164893,0.559677419,-0.837332553,0.837332553,1.998958895,-1.673793354,0.5596774193548387,2.4003267249843184e-96,8.761192546192762e-94,6.145622301581835e-96,2.24315214007737e-93
FLI1,13179,16371,2.476664405,3.076521206,0.805021074,-0.312901544,0.312901544,5.553185612,-1.737600354,0.8050210738501008,1.834727030687215e-39,6.696753662008335e-37,1.9145519322931823e-39,6.988114552870115e-37
ELF2,3952,7479,0.742679849,1.405491546,0.528412889,-0.920262437,0.920262437,2.148171395,-1.976881442,0.5284128894237198,1.04151531650794e-123,3.8015309052539806e-121,4.2675335633471765e-123,1.5576497506217194e-120
RXRG,3900,7558,0.732907746,1.420337626,0.516009526,-0.954530395,0.954530395,2.153245372,-2.055338155,0.5160095263297169,8.156335418109774e-133,2.9770624276100677e-130,3.5025980741504845e-132,1.2784482970649269e-129
NR2E3,1912,7056,0.35931272,1.325999245,0.270975057,-1.883768038,1.883768038,1.685311965,-3.174736813,0.2709750566893424,0.0,0.0,0.0,0.0
CUX1,35650,41987,6.699528496,7.89040962,0.849072332,-0.236040634,0.236040634,14.58993812,-3.443818238,0.8490723319122585,2.7702791454811652e-58,1.0111518881006252e-55,2.9926627006896514e-58,1.0923218857517228e-55
LHX6,30670,37071,5.763661682,6.966570011,0.827331337,-0.273462866,0.273462866,12.73023169,-3.481245646,0.8273313371638208,6.8946916812346385e-68,2.5165624636506432e-65,7.653545213513215e-68,2.7935440029323234e-65
ETV6,4351,10971,0.817661949,2.061725866,0.396591013,-1.334276111,1.334276111,2.879387815,-3.841898375,0.39659101266976576,0.0,0.0,0.0,0.0
BCL6,3276,10111,0.615642506,1.900110312,0.32400356,-1.625918428,1.625918428,2.515752818,-4.090408867,0.32400356047868656,0.0,0.0,0.0,0.0
EHF,6296,14274,1.183176197,2.682442349,0.441081687,-1.180882232,1.180882232,3.865618546,-4.564840255,0.44108168698332634,0.0,0.0,0.0,0.0
CUX2,26560,35016,4.991289673,6.580384006,0.758510395,-0.398759142,0.398759142,11.57167368,-4.614310673,0.7585103952478867,6.309510515225891e-129,2.3029713380574505e-126,7.980018962670259e-129,2.9127069213746445e-126
LOC100168299,25681,35107,4.826103543,6.597485187,0.731506537,-0.451057338,0.451057338,11.42358873,-5.15269352,0.7315065371578318,5.2104350474948e-162,1.9018087923356019e-159,7.620143098749081e-162,2.781352231043414e-159
ELF5,4644,13570,0.872723993,2.550143105,0.342225497,-1.546980843,1.546980843,3.422867098,-5.29510983,0.3422254974207811,0.0,0.0,0.0,0.0
SPI1,8366,17835,1.572181077,3.351643499,0.469077656,-1.092101313,1.092101313,4.923824576,-5.377315283,0.4690776562938043,0.0,0.0,0.0,0.0
GFI1,13859,25281,2.604453448,4.750933518,0.548198252,-0.867230368,0.867230368,7.355386966,-6.378814944,0.5481982516514379,0.0,0.0,0.0,0.0
PLAGL1,6779,19308,1.273944002,3.628457116,0.35109799,-1.510054356,1.510054356,4.902401119,-7.402892164,0.3510979904702714,0.0,0.0,0.0,0.0
RETN,31662,45280,5.950083345,8.509246853,0.699249117,-0.516121569,0.516121569,14.4593302,-7.462772185,0.6992491166077739,2.0996741896382583e-266,7.663810792179643e-264,4.7982344373330683e-266,1.75135556962657e-263
GFI1B,15595,29686,2.930691358,5.57874342,0.525331806,-0.92869916,0.92869916,8.509434778,-7.902704928,0.525331806238631,0.0,0.0,0.0,0.0
NKX2-6,23369,38740,4.391620797,7.280216941,0.603226639,-0.729227954,0.729227954,11.67183774,-8.511430352,0.6032266391326794,0.0,0.0,0.0,0.0
NKX2-5,39917,59557,7.50140474,11.19225298,0.670231879,-0.577267787,0.577267787,18.69365772,-10.79124642,0.6702318787044345,0.0,0.0,0.0,0.0
RBPJ,35741,64769,6.716629677,12.17171841,0.551822631,-0.85772347,0.85772347,18.88834808,-16.20097945,0.5518226311970232,0.0,0.0,0.0,0.0
SIX6,22335,51635,4.197306282,9.703510628,0.432555437,-1.209043051,1.209043051,13.90081691,-16.8066861,0.4325554372034473,0.0,0.0,0.0,0.0
NKX2-4,18387,52583,3.455378133,9.881663588,0.349675751,-1.515910343,1.515910343,13.33704172,-20.21775949,0.3496757507179126,0.0,0.0,0.0,0.0
ZNF200,7915,40545,1.487426874,7.619421679,0.195215193,-2.356862757,2.356862757,9.106848553,-21.46359219,0.19521519299543716,0.0,0.0,0.0,0.0
GATA1,21971,62592,4.128901559,11.76260554,0.3510193,-1.510377741,1.510377741,15.8915071,-24.00217859,0.35101929959100203,0.0,0.0,0.0,0.0
NKX2-8,21847,65707,4.105598851,12.34799211,0.332491211,-1.58861189,1.58861189,16.45359097,-26.13837024,0.33249121098208717,0.0,0.0,0.0,0.0
ZNF691,28149,117730,5.289902598,22.12441767,0.239097936,-2.064326419,2.064326419,27.41432027,-56.59210558,0.2390979359551516,0.0,0.0,0.0,0.0
